snapshot,link_0_Xinjiang_Anhui,link_1_Xinjiang_Anhui,link_2_Shanxi_Henan__fwd,link_2_Shanxi_Henan__rev,link_3_Anhui_Zhejiang__fwd,link_3_Anhui_Zhejiang__rev,link_4_Zhejiang_Shanghai__fwd,link_4_Zhejiang_Shanghai__rev,link_5_Zhejiang_Fujian__fwd,link_5_Zhejiang_Fujian__rev,link_6_Anhui_Jiangsu__fwd,link_6_Anhui_Jiangsu__rev,link_7_Jiangsu_Shanghai__fwd,link_7_Jiangsu_Shanghai__rev,link_8_NM_WEST_Shandong__fwd,link_8_NM_WEST_Shandong__rev,link_9_NM_WEST_Tianjin__fwd,link_9_NM_WEST_Tianjin__rev,link_10_HEBEI_NORTH_NM_WEST__fwd,link_10_HEBEI_NORTH_NM_WEST__rev,link_11_HEBEI_NORTH_Beijing__fwd,link_11_HEBEI_NORTH_Beijing__rev,link_12_Shaanxi_Shandong__fwd,link_12_Shaanxi_Shandong__rev,link_13_NM_WEST_Shanxi__fwd,link_13_NM_WEST_Shanxi__rev,link_14_Shandong_HEBEI_SOUTH__fwd,link_14_Shandong_HEBEI_SOUTH__rev,link_15_Jiangxi_Hunan__fwd,link_15_Jiangxi_Hunan__rev,link_16_Henan_Hubei__fwd,link_16_Henan_Hubei__rev,link_17_Henan_Hubei__fwd,link_17_Henan_Hubei__rev,link_18_HEBEI_NORTH_NM_EAST__fwd,link_18_HEBEI_NORTH_NM_EAST__rev,link_19_Hubei_Jiangxi__fwd,link_19_Hubei_Jiangxi__rev,link_20_Sichuan_Chongqing__fwd,link_20_Sichuan_Chongqing__rev,link_21_Fujian_Fujian__fwd,link_21_Fujian_Fujian__rev,link_22_HEBEI_SOUTH_HEBEI_SOUTH__fwd,link_22_HEBEI_SOUTH_HEBEI_SOUTH__rev,link_23_HEBEI_SOUTH_HEBEI_SOUTH__fwd,link_23_HEBEI_SOUTH_HEBEI_SOUTH__rev,link_24_HEBEI_SOUTH_NM_WEST__fwd,link_24_HEBEI_SOUTH_NM_WEST__rev,link_25_Henan_Henan__fwd,link_25_Henan_Henan__rev,link_26_Hubei_Hubei__fwd,link_26_Hubei_Hubei__rev,link_27_Jiangsu_Jiangsu__fwd,link_27_Jiangsu_Jiangsu__rev,link_28_NM_WEST_NM_WEST__fwd,link_28_NM_WEST_NM_WEST__rev,link_29_Shaanxi_Shandong__fwd,link_29_Shaanxi_Shandong__rev,link_30_HEBEI_NORTH_HEBEI_SOUTH__fwd,link_30_HEBEI_NORTH_HEBEI_SOUTH__rev,link_31_Hubei_Hubei__fwd,link_31_Hubei_Hubei__rev,link_32_Henan_Henan__fwd,link_32_Henan_Henan__rev,link_33_Yunnan_Guangdong,link_34_Gansu_Hunan,link_35_Guizhou_Guangdong,link_36_Sichuan_Shanghai,link_37_Yunnan_Guangdong,link_38_Sichuan_Jiangsu,link_39_Sichuan_Zhejiang,link_40_Xinjiang_Henan,link_41_Yunnan_Guangdong,link_42_Ningxia_Zhejiang,link_43_Gansu_Hunan,link_44_NM_EAST_Shandong,link_45_NM_WEST_Jiangsu,link_46_Shanxi_Jiangsu,link_47_Yunnan_Guangdong,link_48_NM_WEST_Shandong,link_49_NM_WEST_Shandong,link_50_Qinghai_Henan,link_51_Yunnan_Guangxi,link_52_Guangxi_Guangdong,link_53_Shaanxi_Hubei,link_54_Sichuan_Jiangxi,link_55_Sichuan_Jiangsu,link_56_Sichuan_Zhejiang,link_57_Gansu_Shandong,link_58_Ningxia_Hunan,link_59_Tibet_Hubei,link_60_Xinjiang_Chongqing,link_61_Shanxi_Jiangsu,link_62_NM_WEST_Jiangsu,link_63_Xinjiang_Fujian,link_64_NM_EAST_Jiangsu,link_65_NM_WEST_Shandong,link_66_Ningxia_Anhui,link_67_Shandong_Henan,link_68_Shanxi_Zhejiang,link_69_Sichuan_Hunan,link_70_Sichuan_Jiangsu,link_71_Sichuan_Jiangsu,link_72_Tibet_Zhejiang,link_73_Xinjiang_Henan,link_74_Yunnan_Guangdong,link_75_Yunnan_Guangdong,link_76_Yunnan_Guangdong,link_77_Yunnan_Guangdong,link_78_Yunnan_Guizhou,link_79_Yunnan_Shandong,link_80_Sichuan_Shanghai,link_81_Gansu_Ningxia__fwd,link_81_Gansu_Ningxia__rev,link_82_Gansu_Qinghai__fwd,link_82_Gansu_Qinghai__rev,link_83_Shaanxi_Gansu__fwd,link_83_Shaanxi_Gansu__rev,link_84_Gansu_Xinjiang__fwd,link_84_Gansu_Xinjiang__rev,link_85_Ningxia_Shandong,link_86_Heilongjiang_Jilin__fwd,link_86_Heilongjiang_Jilin__rev,link_87_Hubei_Chongqing__fwd,link_87_Hubei_Chongqing__rev,link_88_Sichuan_Chongqing__fwd,link_88_Sichuan_Chongqing__rev,link_89_HEBEI_SOUTH_Henan__fwd,link_89_HEBEI_SOUTH_Henan__rev,link_90_Guangxi_Guangdong__fwd,link_90_Guangxi_Guangdong__rev,link_91_Guizhou_Guangxi__fwd,link_91_Guizhou_Guangxi__rev,link_92_Guangdong_Hainan__fwd,link_92_Guangdong_Hainan__rev,link_93_Liaoning_HEBEI_NORTH__fwd,link_93_Liaoning_HEBEI_NORTH__rev,link_94_Sichuan_Tibet__fwd,link_94_Sichuan_Tibet__rev,link_95_Beijing_Tianjin__fwd,link_95_Beijing_Tianjin__rev,link_96_Guizhou_Chongqing__fwd,link_96_Guizhou_Chongqing__rev,link_97_Hubei_Hunan__fwd,link_97_Hubei_Hunan__rev,link_98_Hubei_Jiangxi__fwd,link_98_Hubei_Jiangxi__rev,link_99_Jiangsu_Zhejiang__fwd,link_99_Jiangsu_Zhejiang__rev,link_100_Jilin_Liaoning__fwd,link_100_Jilin_Liaoning__rev,link_101_NM_EAST_Heilongjiang__fwd,link_101_NM_EAST_Heilongjiang__rev,link_102_NM_EAST_Jilin__fwd,link_102_NM_EAST_Jilin__rev,link_103_NM_EAST_Liaoning__fwd,link_103_NM_EAST_Liaoning__rev,link_104_Shaanxi_HEBEI_SOUTH__fwd,link_104_Shaanxi_HEBEI_SOUTH__rev,link_105_Yunnan_Guangxi,link_106_Fujian_Guangdong,link_107_Guizhou_Guangdong,link_108_Yunnan_Guizhou,Beijing__battery__chg__3255,Beijing__battery__dis__3255,Tianjin__battery__chg__3258,Tianjin__battery__dis__3258,HEBEI_NORTH__pumped__chg__3262,HEBEI_NORTH__pumped__dis__3262,HEBEI_NORTH__battery__chg__3263,HEBEI_NORTH__battery__dis__3263,HEBEI_SOUTH__pumped__chg__3267,HEBEI_SOUTH__pumped__dis__3267,HEBEI_SOUTH__battery__chg__3268,HEBEI_SOUTH__battery__dis__3268,Shanxi__pumped__chg__3272,Shanxi__pumped__dis__3272,Shanxi__battery__chg__3273,Shanxi__battery__dis__3273,Shandong__pumped__chg__3278,Shandong__pumped__dis__3278,Shandong__battery__chg__3279,Shandong__battery__dis__3279,NM_EAST__pumped__chg__3283,NM_EAST__pumped__dis__3283,NM_EAST__battery__chg__3284,NM_EAST__battery__dis__3284,Liaoning__pumped__chg__3290,Liaoning__pumped__dis__3290,Liaoning__battery__chg__3291,Liaoning__battery__dis__3291,Jilin__pumped__chg__3295,Jilin__pumped__dis__3295,Jilin__battery__chg__3296,Jilin__battery__dis__3296,Heilongjiang__pumped__chg__3300,Heilongjiang__pumped__dis__3300,Heilongjiang__battery__chg__3301,Heilongjiang__battery__dis__3301,Shanghai__battery__chg__3305,Shanghai__battery__dis__3305,Jiangsu__pumped__chg__3311,Jiangsu__pumped__dis__3311,Jiangsu__battery__chg__3312,Jiangsu__battery__dis__3312,Zhejiang__pumped__chg__3318,Zhejiang__pumped__dis__3318,Zhejiang__battery__chg__3319,Zhejiang__battery__dis__3319,Anhui__pumped__chg__3323,Anhui__pumped__dis__3323,Anhui__battery__chg__3324,Anhui__battery__dis__3324,Fujian__pumped__chg__3330,Fujian__pumped__dis__3330,Fujian__battery__chg__3331,Fujian__battery__dis__3331,Jiangxi__pumped__chg__3335,Jiangxi__pumped__dis__3335,Jiangxi__battery__chg__3336,Jiangxi__battery__dis__3336,Henan__pumped__chg__3340,Henan__pumped__dis__3340,Henan__battery__chg__3341,Henan__battery__dis__3341,Hubei__battery__chg__3345,Hubei__battery__dis__3345,Hunan__pumped__chg__3349,Hunan__pumped__dis__3349,Hunan__battery__chg__3350,Hunan__battery__dis__3350,Chongqing__pumped__chg__3354,Chongqing__pumped__dis__3354,Chongqing__battery__chg__3355,Chongqing__battery__dis__3355,Sichuan__battery__chg__3359,Sichuan__battery__dis__3359,Guangdong__pumped__chg__3365,Guangdong__pumped__dis__3365,Guangdong__battery__chg__3366,Guangdong__battery__dis__3366,Guangxi__battery__chg__3371,Guangxi__battery__dis__3371,Hainan__battery__chg__3376,Hainan__battery__dis__3376,Guizhou__battery__chg__3380,Guizhou__battery__dis__3380,Yunnan__battery__chg__3384,Yunnan__battery__dis__3384,Shaanxi__pumped__chg__3388,Shaanxi__pumped__dis__3388,Shaanxi__battery__chg__3389,Shaanxi__battery__dis__3389,Gansu__battery__chg__3393,Gansu__battery__dis__3393,Qinghai__battery__chg__3397,Qinghai__battery__dis__3397,Ningxia__battery__chg__3401,Ningxia__battery__dis__3401,Xinjiang__pumped__chg__3405,Xinjiang__pumped__dis__3405,Xinjiang__battery__chg__3406,Xinjiang__battery__dis__3406,NM_WEST__battery__chg__3410,NM_WEST__battery__dis__3410,Tibet__battery__chg__3413,Tibet__battery__dis__3413
2025-02-21 00:00:00,12000.00,12000.00,0.00,2919.48,0.00,390.18,8000.00,0.00,0.00,6800.00,8000.00,0.00,0.00,1269.32,0.00,6000.00,2464.64,0.00,0.00,5000.00,3000.00,0.00,4331.68,0.00,2050.73,0.00,6500.00,0.00,3801.99,1407.26,0.00,6500.00,0.00,6500.00,0.00,5730.55,4098.45,1411.00,5399.24,856.03,0.00,0.00,0.00,0.00,0.00,0.00,0.00,6500.00,0.00,0.00,2017.41,2017.41,0.00,0.00,0.00,0.00,4331.68,0.00,0.00,3072.47,2017.41,2017.41,0.00,0.00,11777.64,0.00,2892.23,6400.00,4949.06,7200.00,8000.00,8000.00,4949.06,429.12,0.00,0.00,2889.89,0.00,4949.06,0.00,0.00,8000.00,1990.79,3792.52,0.00,7795.42,8000.00,8000.00,8000.00,0.00,0.00,0.00,0.00,2889.89,903.30,0.00,0.00,8000.00,8000.00,0.00,7791.05,8000.00,7200.00,1833.77,8000.00,4949.06,4949.06,8797.26,7716.32,543.88,8000.00,3000.00,0.00,0.00,0.00,0.00,0.00,10000.00,0.00,10000.00,4000.00,0.00,2604.38,250.83,4655.03,3823.90,766.21,0.00,1000.00,9349.39,212.19,5678.17,1081.39,1200.00,0.00,0.00,0.00,600.00,0.00,0.00,2400.00,2059.94,499.14,2321.79,696.67,2033.67,1099.57,0.00,3600.00,249.59,0.00,2114.83,0.00,0.00,0.00,2325.77,0.00,3000.00,0.00,2364.33,0.00,2892.23,543.88,0.00,0.31,0.00,91.38,0.00,28.09,0.00,86.03,0.00,23.33,0.00,242.87,0.00,681.94,0.00,378.99,0.00,1954.26,0.00,2186.32,0.00,19.67,0.00,31.34,0.00,50.86,0.00,6.07,0.00,0.00,0.00,0.00,0.00,0.00,0.00,0.00,0.00,0.00,0.00,184.97,0.00,594.92,0.00,710.36,0.00,2079.19,0.00,292.61,0.00,133.52,0.00,1848.66,0.00,238.85,429.88,352.71,412.55,542.31,0.00,22.09,0.00,640.15,548.54,972.62,488.78,485.09,692.06,1410.83,956.40,161.44,868.16,698.34,1029.36,566.73,1803.54,337.48,1399.88,1344.19,1528.47,1152.64,0.00,41.73,1170.80,786.59,2648.47,2349.06,0.00,590.43,0.00,120.50,0.00,562.45,0.00,551.34,0.00,2049.88,0.00,442.65,0.00,2384.53,0.00,1058.73,0.00,41.87
2025-02-21 01:00:00,12000.00,12000.00,0.00,3884.01,0.00,0.00,8000.00,0.00,0.00,6800.00,8000.00,0.00,0.00,1686.00,0.00,6000.00,2469.54,0.00,0.00,5000.00,3000.00,0.00,4779.07,0.00,816.78,0.00,6500.00,0.00,2360.62,2974.55,0.00,6500.00,0.00,6500.00,0.00,5826.87,3653.90,1634.36,5118.35,1058.89,0.00,0.00,0.00,0.00,0.00,0.00,0.00,6500.00,0.00,0.00,3071.49,3071.49,0.00,0.00,0.00,0.00,4779.07,0.00,0.00,3023.82,3071.49,3071.49,0.00,0.00,11334.88,0.00,2797.42,6400.00,4842.96,7200.00,8000.00,8000.00,4842.96,456.94,0.00,0.00,1910.43,0.00,4842.96,0.00,0.00,8000.00,1784.73,3593.23,0.00,7376.49,8000.00,8000.00,8000.00,0.00,0.00,0.00,0.00,1910.43,924.56,0.00,0.00,6707.07,8000.00,0.00,7356.71,8000.00,7200.00,1893.91,8000.00,4842.96,4842.96,8383.71,7405.32,580.39,8000.00,3000.00,0.00,0.00,0.00,0.00,0.00,10000.00,0.00,10000.00,4000.00,0.00,2486.03,672.52,3912.29,3596.75,952.14,0.00,1000.00,9084.32,410.71,5441.86,1258.56,1200.00,0.00,0.00,0.00,600.00,0.00,0.00,2400.00,1880.67,655.04,1767.26,1251.59,1869.00,1178.13,0.00,3600.00,267.56,0.00,2089.73,0.00,0.00,0.00,1901.93,0.00,3000.00,0.00,2158.65,0.00,2797.42,580.39,0.00,0.32,0.00,89.64,0.00,28.06,0.00,89.86,0.00,23.16,0.00,221.52,0.00,436.55,0.00,573.67,0.00,878.90,0.00,1036.13,0.00,19.53,0.00,30.50,0.00,55.43,0.00,6.20,0.00,0.00,0.00,0.00,0.00,0.00,0.00,0.00,0.00,0.00,0.00,122.21,0.00,810.99,0.00,456.37,0.00,1618.91,0.00,0.00,0.00,0.00,0.00,1067.02,0.00,285.40,987.39,178.80,604.06,360.92,0.00,63.57,0.00,708.58,1148.73,611.16,1246.63,198.91,1386.46,908.26,1000.79,169.22,1005.74,612.75,952.45,533.68,2141.33,191.65,1867.62,1231.15,1756.90,954.78,0.00,0.00,1274.19,648.96,3011.20,1776.81,0.00,434.32,0.00,111.44,0.00,120.10,0.00,433.20,0.00,1615.01,0.00,435.12,0.00,2048.91,0.00,970.29,0.00,42.01
2025-02-21 02:00:00,12000.00,12000.00,0.00,4980.00,0.00,0.00,8000.00,0.00,0.00,6800.00,8000.00,0.00,0.00,2106.00,0.00,6000.00,2315.03,0.00,0.00,5000.00,3000.00,0.00,4907.00,0.00,0.00,0.00,6500.00,0.00,2211.22,3340.81,0.00,6500.00,0.00,6500.00,0.00,5837.90,3231.03,1990.96,4959.25,1221.07,0.00,0.00,0.00,0.00,0.00,0.00,0.00,6500.00,0.00,0.00,3137.09,3137.09,0.00,0.00,0.00,0.00,4907.00,0.00,0.00,2713.94,3137.09,3137.09,0.00,0.00,10834.11,0.00,2685.53,6400.00,4705.46,7200.00,8000.00,8000.00,4705.46,72.51,0.00,0.00,303.82,11.10,4705.46,0.00,0.00,8000.00,1647.14,3349.29,0.00,7056.03,8000.00,8000.00,8000.00,0.00,0.00,0.00,11.10,303.82,691.99,0.00,0.00,4646.46,8000.00,0.00,6965.37,8000.00,7200.00,1931.36,8000.00,4705.46,4705.46,7925.59,6968.99,642.83,8000.00,3000.00,30.88,0.00,29.12,0.00,0.00,10000.00,0.00,10000.00,4000.00,0.00,2486.33,1027.84,3246.62,3472.20,1095.82,0.00,1000.00,8703.42,700.69,5085.55,1503.78,1200.00,0.00,0.00,0.00,600.00,0.00,0.00,2400.00,1564.65,930.82,1530.09,1485.31,1737.47,1322.27,0.00,3600.00,263.68,0.00,2089.43,0.00,0.00,0.00,1482.33,0.00,3000.00,0.00,1976.49,0.00,2685.53,642.83,0.00,0.33,0.00,82.23,0.00,28.29,0.00,85.31,0.00,22.97,0.00,189.86,0.00,0.00,0.00,0.00,0.00,599.13,0.00,615.62,0.00,19.57,0.00,30.22,0.00,54.53,0.00,6.16,0.00,0.00,0.00,0.00,0.00,0.00,0.00,0.00,0.00,0.00,0.00,88.89,0.00,695.17,0.00,48.58,0.00,86.42,0.00,0.00,0.00,0.00,0.00,564.17,0.00,351.20,1013.16,175.04,626.13,352.58,0.00,0.00,0.00,0.00,1117.27,588.20,1283.80,178.20,1510.85,915.60,1019.43,163.74,856.04,624.06,867.68,629.83,2207.36,159.51,2253.26,1138.40,1661.67,1074.63,0.00,0.00,1142.79,795.45,3120.38,1854.56,0.00,342.28,0.00,99.24,0.00,0.00,0.00,412.47,0.00,317.44,0.00,357.01,0.00,1417.24,0.00,564.81,0.00,39.33
2025-02-21 03:00:00,12000.00,12000.00,0.00,5000.00,0.00,59.13,7875.91,0.00,0.00,6054.33,7964.80,0.00,0.00,1986.48,0.00,6000.00,2312.20,0.00,0.00,5000.00,3000.00,0.00,3768.14,0.00,0.00,403.90,6500.00,0.00,2096.37,3556.69,0.00,6500.00,0.00,6500.00,0.00,5822.77,2924.33,2194.75,4575.38,1486.64,0.00,0.00,0.00,0.00,0.00,0.00,0.00,6500.00,0.00,0.00,2945.62,2945.62,0.00,0.00,0.00,0.00,3768.14,0.00,0.00,2678.21,2945.62,2945.62,0.00,0.00,10455.96,0.00,2596.95,6400.00,4591.93,7200.00,8000.00,8000.00,4591.93,0.00,0.00,0.00,0.00,0.00,4591.93,0.00,0.00,8000.00,1573.45,3204.46,0.00,6687.96,8000.00,8000.00,8000.00,0.00,0.00,0.00,0.00,0.00,44.06,0.00,0.00,3851.99,6137.72,0.00,6426.82,8000.00,7200.00,1914.00,8000.00,4591.93,4591.93,7589.77,6653.54,723.26,8000.00,3000.00,0.00,0.00,117.22,0.00,0.00,10000.00,0.00,10000.00,4000.00,0.00,2444.61,1300.40,2794.25,3213.79,1315.03,0.00,1000.00,8434.08,869.77,4669.72,1779.02,1200.00,0.00,0.00,0.00,600.00,0.00,0.00,2400.00,1499.18,991.84,1362.45,1654.37,1634.68,1419.25,0.00,3600.00,262.92,0.00,2092.78,0.00,0.00,0.00,1460.38,0.00,3000.00,0.00,1834.36,0.00,2596.95,723.26,0.00,0.33,0.00,81.82,0.00,28.93,0.00,84.28,0.00,23.12,0.00,206.33,0.00,0.00,0.00,0.00,0.00,360.36,0.00,405.96,0.00,20.40,0.00,29.94,0.00,55.12,0.00,6.22,0.00,0.00,0.00,0.00,0.00,0.00,0.00,0.00,0.00,0.00,0.00,0.00,0.00,0.00,0.00,0.00,0.00,0.00,0.00,0.00,0.00,0.00,0.00,43.95,0.00,69.10,1013.17,183.20,583.06,400.39,0.00,0.00,0.00,0.00,1021.75,809.62,1269.40,242.53,1520.17,977.53,992.40,186.42,914.09,659.93,833.70,660.23,2210.45,155.96,2486.43,994.02,1633.20,1097.99,0.00,0.00,1090.37,831.04,3038.10,1632.83,0.00,269.68,0.00,94.45,0.00,0.00,0.00,315.59,0.00,0.00,0.00,228.92,0.00,754.78,0.00,492.30,0.00,0.00
2025-02-21 04:00:00,11823.74,11823.74,0.00,5000.00,0.00,1584.24,6801.68,0.00,0.00,6509.76,7045.37,0.00,0.00,1347.97,0.00,6000.00,2308.74,0.00,0.00,5000.00,3000.00,0.00,2604.69,0.00,0.00,466.75,6500.00,0.00,1994.49,3683.27,0.00,6500.00,0.00,6500.00,0.00,5861.19,2749.69,2332.64,4407.47,1641.06,0.00,0.00,0.00,0.00,0.00,0.00,0.00,6500.00,0.00,0.00,3486.17,3486.17,0.00,0.00,0.00,0.00,2604.69,0.00,0.00,2564.29,3486.17,3486.17,0.00,0.00,10232.14,0.00,2542.15,6400.00,4525.23,7200.00,8000.00,8000.00,4525.23,0.00,0.00,0.00,0.00,0.00,4525.23,0.00,0.00,8000.00,1522.49,3130.06,0.00,6371.86,8000.00,8000.00,8000.00,0.00,0.00,0.00,0.00,0.00,0.00,0.00,0.00,1731.30,4233.18,0.00,5884.59,8000.00,7200.00,1914.00,8000.00,4525.23,4525.23,7398.35,6475.53,741.10,8000.00,3000.00,0.00,919.81,739.64,0.00,0.00,10000.00,0.00,9622.20,4000.00,0.00,2372.38,1470.16,2550.38,3063.96,1438.83,0.00,1000.00,8272.33,959.18,4441.36,1932.93,1200.00,0.00,0.00,0.00,600.00,0.00,0.00,2400.00,1444.37,1040.37,1339.87,1756.74,1586.72,1454.10,0.00,3600.00,246.54,0.00,2107.46,0.00,0.00,0.00,1409.70,0.00,3000.00,0.00,1789.87,0.00,2542.15,741.10,0.00,0.32,0.00,80.37,0.00,29.31,0.00,82.39,0.00,22.87,0.00,218.82,0.00,0.00,0.00,0.00,0.00,376.50,0.00,355.31,0.00,21.34,0.00,29.04,0.00,55.64,0.00,6.28,0.00,0.00,0.00,0.00,0.00,0.00,0.00,0.00,0.00,0.00,0.00,0.00,0.00,0.00,0.00,0.00,0.00,0.00,0.00,0.00,0.00,0.00,0.00,0.00,0.00,0.00,988.62,184.29,574.03,417.24,0.00,0.00,0.00,0.00,1152.02,836.02,1277.28,219.91,1607.61,1004.87,1000.39,191.86,861.66,615.89,833.19,666.00,2203.34,155.50,2902.32,874.08,1759.88,1222.49,0.00,0.00,1143.38,846.20,3504.56,2248.07,0.00,260.02,0.00,98.78,0.00,0.00,0.00,0.00,0.00,0.00,0.00,0.00,0.00,0.00,0.00,488.87,0.00,0.00
2025-02-21 05:00:00,11948.99,11948.99,0.00,5000.00,0.00,1530.07,7000.95,0.00,0.00,6529.66,7195.84,0.00,0.00,1128.57,0.00,6000.00,2627.17,0.00,0.00,5000.00,3000.00,0.00,2005.21,0.00,0.00,508.65,6500.00,0.00,2005.88,3678.63,0.00,6500.00,0.00,6500.00,0.00,5626.05,2615.65,2458.09,4292.29,1714.66,0.00,0.00,0.00,0.00,0.00,0.00,0.00,6500.00,0.00,0.00,3356.24,3356.24,0.00,0.00,0.00,0.00,2005.21,0.00,0.00,2443.73,3356.24,3356.24,0.00,0.00,10238.52,0.00,2538.95,6400.00,4528.79,7200.00,8000.00,8000.00,4528.79,0.00,0.00,0.00,0.00,0.00,4528.79,0.00,0.00,8000.00,1502.65,3144.35,0.00,6162.55,8000.00,8000.00,8000.00,0.00,0.00,0.00,0.00,0.00,0.00,0.00,0.00,1674.04,3269.89,0.00,5564.91,8000.00,7200.00,1934.00,8000.00,4528.79,4528.79,7405.18,6484.33,748.44,8000.00,3000.00,0.00,332.65,716.31,0.00,0.00,10000.00,0.00,9885.58,4000.00,0.00,3109.51,1553.11,2462.60,2983.80,1502.87,0.00,1000.00,8295.90,960.35,4343.05,1992.27,1200.00,0.00,0.00,0.00,600.00,0.00,0.00,2400.00,1408.85,1071.53,1293.03,1757.71,1558.47,1483.06,0.00,3600.00,148.90,0.00,2241.05,0.00,0.00,0.00,1884.51,0.00,3000.00,0.00,1760.09,0.00,2538.95,748.44,0.00,0.32,0.00,82.01,0.00,29.41,0.00,83.69,0.00,22.20,0.00,248.01,0.00,0.00,0.00,0.00,0.00,414.91,0.00,513.29,0.00,22.13,0.00,29.84,0.00,58.82,0.00,6.40,0.00,0.00,0.00,0.00,0.00,0.00,0.00,0.00,0.00,0.00,0.00,0.00,0.00,0.00,0.00,0.00,0.00,0.00,0.00,0.00,0.00,0.00,0.00,0.00,0.00,0.00,1003.67,195.31,557.32,436.76,0.00,0.00,0.00,0.00,1126.17,849.86,1291.79,214.38,1575.68,1036.67,976.73,200.28,827.31,655.67,819.22,685.40,2201.57,166.53,2987.75,809.27,1709.71,1203.12,0.00,0.00,1101.20,892.91,3323.62,2352.86,0.00,271.43,0.00,117.57,0.00,0.00,0.00,0.00,0.00,0.00,0.00,0.00,0.00,0.00,0.00,517.89,0.00,0.00
2025-02-21 06:00:00,11981.93,11981.93,0.00,5000.00,0.00,985.07,7794.95,0.00,0.00,6529.66,7864.33,0.00,0.00,1914.63,0.00,6000.00,3105.98,0.00,0.00,5000.00,3000.00,0.00,3269.03,0.00,65.49,0.00,6500.00,0.00,1930.24,3730.78,0.00,6500.00,0.00,6500.00,0.00,5424.17,2723.87,2353.99,4302.48,1692.20,0.00,0.00,0.00,0.00,0.00,0.00,0.00,6500.00,0.00,0.00,3356.35,3356.35,0.00,0.00,0.00,0.00,3269.03,0.00,0.00,3541.95,3356.35,3356.35,0.00,0.00,10910.05,0.00,2690.87,6400.00,4725.33,7200.00,8000.00,8000.00,4725.33,0.00,0.00,0.00,0.00,0.00,4725.33,0.00,0.00,8000.00,1552.82,3393.76,0.00,6240.32,8000.00,8000.00,8000.00,0.00,0.00,0.00,0.00,0.00,0.00,0.00,0.00,2828.39,5108.27,0.00,5642.77,8000.00,7200.00,1914.00,8000.00,4725.33,4725.33,7993.47,7033.38,685.64,8000.00,3000.00,0.00,1103.56,847.62,0.00,0.00,10000.00,0.00,9974.57,4000.00,0.00,4013.31,1534.43,2476.56,2983.74,1488.78,0.00,1000.00,8774.44,613.77,4726.44,1743.35,1200.00,0.00,0.00,0.00,600.00,0.00,0.00,2400.00,1351.38,1143.12,1316.02,1736.02,1586.48,1442.59,0.00,3600.00,0.00,0.00,2400.00,0.00,987.72,0.00,2875.08,0.00,3000.00,0.00,1843.86,0.00,2690.87,685.64,0.00,0.32,0.00,88.30,0.00,31.35,0.00,95.36,0.00,23.67,0.00,382.90,0.00,75.73,0.00,343.08,0.00,699.37,0.00,743.25,0.00,24.21,0.00,32.06,0.00,67.08,0.00,6.56,0.00,33.81,0.00,7.26,0.00,25.79,0.00,7.63,0.00,0.00,0.00,0.00,0.00,0.00,0.00,0.00,0.00,0.00,0.00,0.00,0.00,0.00,0.00,0.00,0.00,0.00,976.67,252.65,534.43,458.31,0.00,0.00,0.00,0.00,1058.11,929.71,1187.44,255.02,1505.95,1115.15,918.99,264.20,823.62,657.99,824.45,679.10,2141.75,191.61,2560.84,1051.13,1499.03,1415.47,0.00,0.00,1036.48,953.61,2662.63,2899.02,0.00,310.48,0.00,166.73,0.00,0.00,0.00,0.00,0.00,0.00,0.00,31.21,0.00,136.75,0.00,667.31,0.00,0.00
2025-02-21 07:00:00,12000.00,12000.00,0.00,5000.00,0.00,3603.71,7510.36,0.00,0.00,6800.00,7506.83,0.00,0.00,1451.71,0.00,6000.00,3146.18,0.00,0.00,5000.00,3000.00,0.00,69.39,0.00,0.00,2166.92,6500.00,0.00,2307.15,3283.90,0.00,6500.00,0.00,6500.00,0.00,5485.43,2597.63,2485.01,4298.11,1712.86,0.00,0.00,0.00,0.00,0.00,0.00,0.00,6500.00,0.00,0.00,3338.41,3338.41,0.00,0.00,0.00,0.00,69.39,0.00,0.00,875.86,3338.41,3338.41,0.00,0.00,11544.75,0.00,2842.15,6400.00,4895.06,7200.00,8000.00,8000.00,4895.06,0.00,0.00,0.00,0.00,0.00,4895.06,0.00,0.00,8000.00,1629.81,3693.01,0.00,5950.56,8000.00,8000.00,8000.00,0.00,0.00,0.00,0.00,0.00,0.00,0.00,0.00,653.24,3400.31,0.00,5569.61,8000.00,7200.00,2249.02,8000.00,4895.06,4895.06,8573.45,7586.86,684.70,8000.00,3000.00,0.00,0.00,0.00,1555.41,0.00,10000.00,0.00,10000.00,4000.00,0.00,3401.88,1688.37,2278.83,2970.93,1505.98,0.00,1000.00,9246.40,283.11,4922.10,1626.73,1200.00,0.00,0.00,0.00,600.00,0.00,0.00,2400.00,1246.61,1227.36,1399.20,1647.84,1561.57,1493.48,0.00,3600.00,24.22,0.00,2373.62,0.00,0.00,0.00,1755.97,0.00,3000.00,0.00,1940.97,0.00,2842.15,684.70,0.00,0.33,0.00,75.51,0.00,30.71,0.00,80.09,0.00,23.04,0.00,505.97,0.00,0.00,0.00,0.00,0.00,147.46,0.00,349.64,0.00,23.87,0.00,29.05,0.00,60.62,0.00,6.50,0.00,0.00,0.00,0.00,0.00,0.00,0.00,0.00,0.00,0.00,0.00,0.00,0.00,0.00,0.00,0.00,0.00,0.00,0.00,0.00,0.00,0.00,0.00,0.00,332.49,0.00,932.45,271.76,534.98,452.16,0.00,0.00,0.00,0.00,1103.67,870.57,1203.84,276.19,1572.48,1021.78,909.75,282.62,835.77,634.35,850.60,646.87,1955.95,262.14,1495.44,1593.00,1349.60,1572.42,0.00,0.00,984.55,1002.35,2196.89,3308.46,0.00,318.79,0.00,290.88,0.00,0.00,0.00,0.00,0.00,0.00,0.00,0.00,0.00,0.00,0.00,300.20,0.00,0.00
2025-02-21 08:00:00,9223.22,9223.22,0.00,5000.00,0.00,7694.29,8000.00,0.00,0.00,6355.92,8000.00,0.00,0.00,1118.18,0.00,6000.00,2250.60,0.00,0.00,5000.00,3000.00,0.00,0.00,1177.29,0.00,299.92,6500.00,0.00,2756.81,2825.30,0.00,6500.00,0.00,6500.00,0.00,2514.63,2850.94,2248.55,3903.85,1954.77,0.00,0.00,0.00,0.00,0.00,0.00,0.00,6500.00,0.00,0.00,3316.98,3316.98,0.00,0.00,0.00,0.00,0.00,1177.29,0.00,983.26,3316.98,3316.98,0.00,0.00,11661.72,0.00,2951.08,6400.00,4929.75,7200.00,8000.00,8000.00,4929.75,0.00,0.00,0.00,0.00,0.00,4929.75,0.00,0.00,8000.00,1782.55,3869.84,0.00,5155.19,8000.00,8000.00,4155.46,0.00,0.00,0.00,0.00,0.00,0.00,0.00,0.00,0.00,1684.21,0.00,5083.37,8000.00,7200.00,3012.26,8000.00,4929.75,4929.75,8673.07,7721.52,819.98,8000.00,3000.00,3112.46,0.00,0.00,6483.40,0.00,10000.00,0.00,8253.19,0.00,0.00,2087.75,2048.84,1862.62,2708.68,1665.62,0.00,1000.00,9453.17,126.56,4562.47,1772.29,1200.00,0.00,0.00,0.00,600.00,0.00,0.00,2400.00,1551.58,980.84,1604.48,1433.32,1626.43,1405.19,0.00,3600.00,0.00,0.00,2400.00,0.00,1378.37,0.00,4424.68,0.00,3000.00,0.00,2353.38,0.00,2951.08,819.98,0.00,0.34,0.00,0.00,0.00,0.00,0.00,0.00,0.00,0.00,0.00,0.00,0.00,0.00,0.00,0.00,0.00,0.00,0.00,0.00,0.00,0.00,0.00,0.00,0.00,0.00,0.00,0.00,0.00,0.00,0.00,0.00,0.00,0.00,0.00,0.00,46.57,0.00,0.00,0.00,464.54,0.00,0.00,0.00,0.00,0.00,0.00,0.00,0.00,0.00,0.00,0.00,0.00,315.87,930.59,272.94,486.00,508.12,3600.00,0.00,0.00,0.00,1062.48,906.20,1186.86,299.54,1398.78,1181.22,880.47,320.64,775.11,706.91,753.09,748.35,145.03,1347.54,230.13,3697.55,1419.36,1463.74,0.00,0.00,1009.12,994.36,2812.60,2846.63,0.00,0.00,0.00,0.00,0.00,0.00,0.00,0.00,0.00,0.00,0.00,0.00,0.00,0.00,0.00,0.00,0.00,0.00
2025-02-21 09:00:00,10287.20,10287.20,0.00,5000.00,0.00,0.00,8000.00,0.00,0.00,1356.16,8000.00,0.00,0.00,856.15,0.00,6000.00,5000.00,0.00,0.00,5000.00,3000.00,0.00,0.00,0.00,0.00,6316.64,6500.00,0.00,3288.26,2315.06,0.00,6500.00,0.00,6500.00,14.39,0.00,2928.98,2203.01,3952.68,1929.02,0.00,0.00,0.00,0.00,0.00,0.00,0.00,6500.00,0.00,0.00,3367.78,3367.78,0.00,0.00,0.00,0.00,0.00,0.00,0.00,5570.47,3367.78,3367.78,0.00,0.00,11841.74,0.00,2936.67,6400.00,4965.19,7200.00,8000.00,3853.05,4965.19,2526.48,0.00,0.00,0.00,0.00,4965.19,0.00,0.00,8000.00,1864.84,3878.83,0.00,4661.42,8000.00,8000.00,991.66,0.00,0.00,0.00,0.00,0.00,0.00,0.00,0.00,6575.51,6628.43,0.00,5184.44,8000.00,7200.00,3942.77,3853.05,4965.19,4965.19,8846.71,7843.50,932.83,8000.00,3000.00,5883.79,0.00,0.00,14303.75,0.00,8612.37,7846.65,0.00,0.00,0.00,2156.09,2379.66,1600.92,2748.03,1632.36,0.00,1000.00,9463.36,113.00,4382.38,1946.08,1109.79,82.73,0.00,2000.00,600.00,0.00,0.00,2400.00,1678.47,818.11,1813.28,1269.13,1680.71,1396.04,0.00,3600.00,220.66,0.00,2400.00,0.00,3600.00,0.00,7200.00,0.00,3000.00,0.00,2209.84,0.00,2936.67,932.83,0.00,0.34,0.00,0.00,0.00,0.00,0.00,0.00,0.00,0.00,0.00,0.00,0.00,0.00,0.00,0.00,6000.00,0.00,0.00,0.00,0.00,0.00,0.00,0.00,0.00,0.00,0.00,0.00,0.00,0.00,0.00,0.00,0.00,0.00,0.00,0.00,26.29,0.00,0.00,0.00,125.22,0.00,10500.00,0.00,0.00,0.00,3000.00,0.00,0.00,0.00,3794.89,0.00,0.00,0.00,1010.30,167.64,593.36,406.30,3600.00,0.00,0.00,0.00,1099.01,880.28,1149.93,301.27,1404.04,1175.34,866.35,293.06,785.09,691.85,781.00,715.37,272.51,1403.14,299.85,3574.13,1550.48,1373.58,75.14,22.57,1049.70,948.97,3353.16,2561.80,1500.00,0.00,0.00,0.00,0.00,0.00,0.00,0.00,0.00,0.00,0.00,0.00,0.00,0.00,0.00,0.00,0.00,0.00
2025-02-21 10:00:00,6238.86,6238.86,0.00,5000.00,0.00,5343.70,8000.00,0.00,1085.82,0.00,8000.00,0.00,0.00,426.76,0.00,6000.00,4953.29,0.00,0.00,5000.00,3000.00,0.00,0.00,0.00,0.00,6500.00,6500.00,0.00,3732.14,1983.25,0.00,6500.00,0.00,6500.00,4777.33,0.00,2988.11,2161.93,3937.03,1937.13,0.00,0.00,0.00,0.00,0.00,0.00,0.00,5504.69,0.00,0.00,3334.20,3334.20,0.00,0.00,0.00,0.00,0.00,0.00,0.00,6500.00,3334.20,3334.20,0.00,0.00,11694.56,0.00,2887.93,6400.00,4930.03,7200.00,8000.00,3518.10,4930.03,7432.96,0.00,0.00,0.00,960.19,4930.03,0.00,0.00,8000.00,1779.98,3793.19,0.00,4161.35,8000.00,8000.00,1589.22,0.00,0.00,0.00,960.19,0.00,927.52,0.00,0.00,8000.00,8000.00,0.00,5235.61,8000.00,7200.00,4521.09,3518.10,4930.03,4930.03,8712.64,7721.73,980.91,8000.00,3000.00,10000.00,0.00,0.00,15000.00,0.00,5198.60,10000.00,0.00,0.00,0.00,2784.46,2577.59,1448.40,2738.00,1629.62,0.00,1000.00,9366.12,246.72,4158.01,2122.36,858.67,352.67,0.00,2000.00,600.00,0.00,0.00,2400.00,1765.12,757.92,1958.93,1156.14,1664.15,1384.27,0.00,3600.00,115.31,0.00,2400.00,0.00,3600.00,0.00,7200.00,0.00,3000.00,0.00,2166.07,0.00,2887.93,980.91,0.00,0.34,53.16,0.00,0.00,0.00,0.00,0.00,0.00,0.00,1536.98,0.00,1868.33,0.00,1233.92,0.00,6000.00,0.00,5335.18,0.00,0.00,0.00,0.00,0.00,0.00,0.00,0.00,0.00,0.00,0.00,0.00,0.00,0.00,0.00,0.00,0.00,26.75,0.00,0.00,0.00,3622.02,0.00,10500.00,0.00,2960.29,0.00,3000.00,0.00,2444.31,0.00,5700.00,0.00,751.98,0.00,938.76,231.62,550.65,436.24,3600.00,0.00,2435.00,0.00,1116.98,852.71,1187.54,269.44,1462.49,1097.62,891.85,268.80,815.84,652.51,833.50,656.91,1694.38,336.79,1218.44,1807.56,1629.72,1274.40,75.34,23.23,1058.09,920.14,3469.64,2398.63,1500.00,0.00,704.24,0.00,2339.81,0.00,905.78,90.74,2249.96,0.00,2400.00,0.00,11749.63,0.00,2366.11,0.00,81.05,0.00
2025-02-21 11:00:00,5230.16,5230.16,0.00,5000.00,0.00,6867.68,8000.00,0.00,1338.49,0.00,8000.00,0.00,0.00,1001.18,0.00,6000.00,4840.11,0.00,0.00,5000.00,3000.00,0.00,0.00,0.00,0.00,6500.00,6500.00,0.00,4304.75,1573.45,0.00,6500.00,0.00,6500.00,6500.00,0.00,3270.94,1976.65,3789.79,2038.35,0.00,0.00,0.00,0.00,0.00,0.00,0.00,5093.36,0.00,0.00,3293.69,3293.69,0.00,0.00,0.00,0.00,0.00,0.00,0.00,6500.00,3293.69,3293.69,0.00,0.00,11488.89,0.00,2817.63,6400.00,4878.67,7200.00,8000.00,4538.70,4878.67,8000.00,0.00,0.00,0.00,1068.83,4878.67,0.00,0.00,8000.00,1778.42,3671.60,0.00,3560.72,8000.00,8000.00,4022.64,0.00,0.00,0.00,1068.83,0.00,703.11,0.00,0.00,8000.00,8000.00,0.00,5507.38,8000.00,7200.00,4921.81,4538.70,4878.67,4878.67,8523.49,7538.61,996.15,8000.00,3000.00,9987.22,0.00,0.00,15000.00,0.00,3702.68,10000.00,0.00,0.00,0.00,4476.41,2831.84,1296.05,2652.04,1699.75,0.00,1000.00,9178.21,333.27,4029.07,2218.37,767.70,445.74,0.00,2000.00,600.00,0.00,0.00,2400.00,1875.18,664.55,2227.16,967.14,1760.74,1309.43,0.00,3600.00,0.00,776.30,2400.00,0.00,3600.00,0.00,7200.00,0.00,3000.00,0.00,2124.22,0.00,2817.63,996.15,0.00,0.35,1001.03,0.00,0.00,0.00,742.98,0.00,0.00,0.00,1595.40,0.00,2700.00,0.00,2000.00,0.00,6000.00,0.00,9865.55,0.00,0.00,0.00,0.00,0.00,0.00,0.00,0.00,0.00,0.00,0.00,0.00,0.00,0.00,0.00,0.00,0.00,100.00,0.00,1757.58,0.00,7600.00,0.00,10500.00,0.00,3816.30,0.00,3000.00,0.00,2374.65,0.00,5700.00,0.00,779.13,0.00,966.05,205.39,570.97,417.08,3600.00,0.00,2381.68,0.00,1216.23,748.32,1192.29,258.84,1409.07,1126.25,914.69,246.88,848.71,615.82,857.63,628.08,2129.58,193.58,2936.77,759.72,1720.02,1216.72,75.27,23.47,1100.77,889.32,3531.79,2238.01,1500.00,0.00,922.97,0.00,3894.76,0.00,900.67,95.96,4430.00,0.00,2400.00,0.00,12274.26,0.00,4433.17,0.00,78.75,0.00
2025-02-21 12:00:00,5605.16,5605.16,0.00,5000.00,0.00,7254.27,8000.00,0.00,306.66,0.00,8000.00,0.00,0.00,603.90,0.00,6000.00,4857.98,0.00,0.00,5000.00,3000.00,0.00,0.00,0.00,0.00,6500.00,6500.00,0.00,4262.15,1592.35,0.00,6500.00,0.00,6500.00,6500.00,0.00,2843.50,2301.68,3815.03,2013.12,0.00,0.00,0.00,0.00,0.00,0.00,0.00,4579.24,0.00,0.00,3303.53,3303.53,0.00,0.00,0.00,0.00,0.00,0.00,0.00,6500.00,3303.53,3303.53,0.00,0.00,10448.64,0.00,2517.90,6400.00,4591.87,7200.00,8000.00,5681.65,4591.87,7661.70,0.00,0.00,0.00,1594.33,4591.87,0.00,0.00,8000.00,1687.20,3158.94,0.00,3284.94,8000.00,8000.00,2828.02,0.00,0.00,0.00,1594.33,0.00,207.43,0.00,0.00,8000.00,8000.00,0.00,5297.80,8000.00,7200.00,4917.40,5681.65,4591.87,4591.87,7590.41,6654.05,1005.94,8000.00,3000.00,10000.00,0.00,0.00,15000.00,0.00,4877.48,10000.00,0.00,0.00,0.00,4800.00,2729.55,1353.48,2663.31,1688.25,0.00,1000.00,8342.52,923.13,3746.86,2428.19,738.13,470.56,0.00,2000.00,600.00,0.00,0.00,2400.00,1885.54,656.07,2102.57,1060.89,1607.21,1440.35,0.00,3600.00,0.00,1065.83,2400.00,0.00,3600.00,0.00,6802.07,0.00,3000.00,0.00,2002.82,0.00,2517.90,1005.94,0.00,0.35,585.68,0.00,0.00,0.00,966.28,0.00,0.00,0.00,1709.73,0.00,2159.09,0.00,1608.18,0.00,6000.00,0.00,9009.79,0.00,0.00,0.00,0.00,0.00,0.00,0.00,0.00,0.00,0.00,0.00,0.00,0.00,0.00,0.00,0.00,0.00,42.49,0.00,0.00,0.00,6588.23,0.00,10500.00,0.00,4118.15,0.00,3000.00,0.00,2444.20,0.00,5700.00,0.00,889.94,0.00,1004.79,172.29,670.49,314.99,3600.00,0.00,2446.47,0.00,1381.23,588.69,1242.19,218.45,1840.57,725.74,973.06,197.86,994.84,474.29,1002.85,481.50,2220.46,145.60,3655.26,299.20,1942.84,986.03,78.96,20.00,1215.96,774.48,3886.00,1893.40,1500.00,0.00,793.84,0.00,3449.64,0.00,906.32,90.43,4045.30,0.00,2400.00,0.00,12291.90,0.00,4985.42,0.00,82.30,0.00
2025-02-21 13:00:00,7573.58,7573.58,0.00,5000.00,0.00,4808.73,8000.00,0.00,0.00,4206.64,8000.00,0.00,0.00,124.66,0.00,6000.00,5000.00,0.00,0.00,5000.00,3000.00,0.00,0.00,675.49,0.00,807.60,6500.00,0.00,4430.37,1458.09,0.00,6500.00,0.00,6500.00,0.00,0.00,3544.63,1770.72,3815.82,1984.64,0.00,0.00,0.00,0.00,0.00,0.00,0.00,6500.00,0.00,0.00,3143.97,3143.97,0.00,0.00,0.00,0.00,0.00,675.49,0.00,4960.85,3143.97,3143.97,0.00,0.00,11322.76,0.00,2755.23,6400.00,4837.65,7200.00,8000.00,7516.36,4837.65,0.00,0.00,0.00,0.00,2571.12,4837.65,0.00,0.00,8000.00,1936.28,3551.46,0.00,4770.46,8000.00,8000.00,2551.05,0.00,0.00,0.00,2571.12,0.00,0.00,0.00,0.00,7176.45,7590.64,0.00,6231.28,8000.00,7200.00,4146.65,7516.36,4837.65,4837.65,8368.50,7389.63,1000.41,8000.00,3000.00,3165.89,0.00,0.00,14722.53,0.00,10000.00,9100.89,0.00,0.00,0.00,2145.39,2543.40,1450.87,2655.83,1671.98,0.00,1000.00,9007.64,459.10,4438.28,1929.70,1174.56,26.00,0.00,2000.00,600.00,0.00,0.00,2400.00,2169.03,423.17,2351.82,821.84,1836.85,1216.56,0.00,3600.00,283.79,0.00,2400.00,0.00,3600.00,0.00,7200.00,0.00,3000.00,0.00,2356.99,0.00,2755.23,1000.41,0.00,0.36,0.00,0.00,0.00,0.00,0.00,0.00,0.00,0.00,0.00,0.00,0.00,0.00,0.00,0.00,6000.00,0.00,0.00,0.00,0.00,0.00,0.00,0.00,0.00,0.00,0.00,0.00,0.00,0.00,0.00,0.00,0.00,0.00,0.00,0.00,0.00,0.00,0.00,0.00,0.00,0.00,5966.84,0.00,0.00,0.00,1150.50,0.00,0.00,0.00,0.00,0.00,0.00,0.00,996.03,169.67,672.65,301.81,3600.00,0.00,0.00,0.00,1359.59,583.81,1225.84,212.44,1636.92,829.50,972.41,183.04,1006.56,442.38,989.69,473.96,2180.80,162.49,3406.63,462.88,1922.90,990.46,63.70,30.73,1252.96,723.87,3859.38,1698.60,1500.00,0.00,0.00,0.00,0.00,0.00,0.00,0.00,0.00,0.00,0.00,0.00,0.00,0.00,0.00,0.00,0.00,0.00
2025-02-21 14:00:00,12000.00,12000.00,0.00,5000.00,0.00,6388.63,8000.00,0.00,0.00,6663.37,8000.00,0.00,306.74,0.00,0.00,6000.00,2108.30,0.00,0.00,5000.00,3000.00,0.00,0.00,2778.42,0.00,0.00,6500.00,0.00,3715.03,1502.03,0.00,6500.00,0.00,6500.00,0.00,2510.86,3406.12,1488.81,3671.14,1701.66,0.00,0.00,0.00,0.00,0.00,0.00,0.00,6500.00,0.00,0.00,2072.05,2072.05,0.00,0.00,0.00,0.00,0.00,2778.42,0.00,0.00,2072.05,2072.05,0.00,0.00,11778.14,0.00,2917.38,6400.00,4952.27,7200.00,8000.00,8000.00,4952.27,0.00,0.00,0.00,1050.41,5251.04,4952.27,0.00,0.00,8000.00,2416.16,3837.99,0.00,6068.47,8000.00,8000.00,8000.00,0.00,0.00,0.00,5251.04,1050.41,4239.08,0.00,0.00,0.00,7208.53,0.00,6589.67,8000.00,7200.00,3327.68,8000.00,4952.27,4952.27,8787.74,7792.60,1064.70,8000.00,3000.00,3873.68,0.00,0.00,8378.74,0.00,10000.00,0.00,10000.00,3906.47,0.00,1692.11,1516.10,2034.62,2581.51,1395.47,0.00,1000.00,9416.59,166.38,5255.21,1381.20,1200.00,0.00,0.00,0.00,600.00,0.00,0.00,2400.00,2508.05,106.66,2222.59,764.04,1793.91,1077.79,0.00,3600.00,0.00,0.00,2400.00,0.00,1334.56,0.00,5033.12,0.00,3000.00,0.00,3002.56,0.00,2917.38,1064.70,0.00,0.36,0.00,45.37,0.00,0.00,0.00,0.00,0.00,22.12,0.00,155.19,0.00,0.00,0.00,0.00,0.00,0.00,0.00,0.00,0.00,0.00,0.00,0.00,0.00,0.00,0.00,0.00,0.00,0.00,0.00,0.00,0.00,0.00,0.00,0.00,0.00,41.75,0.00,68.50,0.00,218.91,0.00,0.00,0.00,0.00,0.00,0.00,0.00,0.00,0.00,0.00,0.00,0.00,538.43,260.81,505.05,369.87,0.00,0.00,0.00,0.00,839.56,644.06,612.26,323.36,1025.40,854.34,581.77,282.35,710.73,546.55,773.48,548.84,1436.66,306.36,1485.57,1154.24,1864.27,1007.02,0.00,0.00,1313.23,653.83,3855.17,1769.92,0.00,0.00,0.00,0.00,0.00,0.00,0.00,0.00,0.00,0.00,0.00,0.00,0.00,0.00,0.00,81.74,0.00,0.00
2025-02-21 15:00:00,12000.00,12000.00,0.00,2482.37,0.00,2187.02,8000.00,0.00,0.00,6800.00,8000.00,0.00,197.27,0.00,0.00,6000.00,3051.32,0.00,0.00,5000.00,3000.00,0.00,430.23,0.00,0.00,0.00,6500.00,0.00,1724.04,794.99,0.00,6500.00,0.00,6500.00,0.00,4287.12,1743.68,786.02,2273.51,830.85,0.00,0.00,0.00,0.00,0.00,0.00,0.00,6500.00,0.00,0.00,374.10,374.10,0.00,0.00,0.00,0.00,430.23,0.00,0.00,0.00,374.10,374.10,0.00,0.00,11956.13,0.00,2980.80,6400.00,4990.70,7200.00,8000.00,8000.00,4990.70,0.00,0.00,0.00,6111.70,1568.13,4990.70,0.00,0.00,8000.00,2697.59,3964.04,0.00,6585.49,8000.00,8000.00,8000.00,0.00,0.00,0.00,1568.13,6111.70,5143.65,0.00,0.00,7513.15,8000.00,0.00,6914.35,8000.00,7200.00,2776.45,8000.00,4990.70,4990.70,8957.30,7958.05,1065.76,8000.00,3000.00,3704.26,0.00,0.00,5890.68,0.00,10000.00,0.00,10000.00,4000.00,0.00,2883.63,589.22,1932.62,1749.04,717.32,0.00,1000.00,9559.24,35.47,5632.61,1113.84,1200.00,0.00,0.00,0.00,600.00,0.00,0.00,2400.00,2623.10,16.23,1693.37,537.90,1211.87,648.09,0.00,3600.00,0.00,0.00,2400.00,0.00,351.77,0.00,2683.48,0.00,3000.00,0.00,3354.72,0.00,2980.80,1065.76,0.00,0.37,0.00,101.13,0.00,0.00,0.00,0.00,0.00,26.55,0.00,232.48,0.00,0.00,0.00,0.00,0.00,316.04,0.00,638.61,0.00,0.00,0.00,0.00,0.00,0.00,0.00,0.00,0.00,0.00,0.00,0.00,0.00,0.00,0.00,0.00,0.00,33.25,0.00,174.83,0.00,2070.12,0.00,0.00,0.00,0.00,0.00,0.00,0.00,0.00,0.00,0.00,0.00,0.00,28.53,1144.04,219.43,190.95,0.00,0.00,0.00,0.00,266.25,234.16,28.43,1445.50,276.47,243.72,28.85,1144.77,252.33,221.61,259.70,228.85,69.43,2235.74,632.38,548.38,1825.95,932.29,0.00,18.41,1362.75,571.85,3327.62,1851.44,0.00,289.16,0.00,261.64,0.00,0.00,0.00,0.00,0.00,0.00,0.00,0.00,0.00,0.00,0.00,896.42,0.00,0.00
2025-02-21 16:00:00,12000.00,12000.00,0.00,3356.12,0.00,1150.54,8000.00,0.00,0.00,6800.00,8000.00,0.00,492.94,0.00,0.00,6000.00,3865.97,0.00,0.00,5000.00,3000.00,0.00,3172.12,0.00,150.82,0.00,6500.00,0.00,0.00,0.00,0.00,6500.00,0.00,6500.00,0.00,5397.49,325.06,0.00,243.90,0.00,0.00,0.00,0.00,0.00,0.00,0.00,0.00,6500.00,0.00,0.00,0.00,0.00,0.00,0.00,0.00,0.00,3172.12,0.00,0.00,2090.76,0.00,0.00,0.00,0.00,12000.00,985.82,3000.00,6400.00,5000.00,7200.00,8000.00,8000.00,5000.00,3158.75,985.82,0.00,8700.37,0.00,5000.00,0.00,0.00,8000.00,3338.95,3724.04,0.00,8000.00,8000.00,8000.00,8000.00,0.00,0.00,2000.65,0.00,8700.37,4194.55,0.00,0.00,8000.00,8000.00,0.00,8000.00,8000.00,7200.00,2257.84,8000.00,5000.00,5000.00,9000.00,8000.00,0.00,8000.00,3000.00,3521.64,0.00,0.00,3125.10,0.00,10000.00,0.00,10000.00,4000.00,0.00,4295.47,0.00,1676.30,232.30,0.00,0.00,1000.00,9271.17,0.00,2254.13,0.00,1200.00,0.00,0.00,0.00,600.00,0.00,0.00,2400.00,2640.00,0.00,114.79,0.00,325.65,0.00,0.00,3600.00,0.00,0.00,2400.00,0.00,1739.90,0.00,3214.26,0.00,3000.00,0.00,4052.03,0.00,3000.00,0.00,0.00,0.37,0.00,103.01,0.00,33.50,0.00,85.27,0.00,26.18,0.00,164.55,0.00,237.00,0.00,401.04,0.00,932.23,0.00,1131.22,0.00,26.31,0.00,37.64,0.00,75.15,0.00,8.09,0.00,46.72,0.00,10.95,0.00,33.95,0.00,11.81,0.00,32.59,0.00,227.44,0.00,3392.12,0.00,139.75,0.00,284.37,0.00,153.33,0.00,246.05,0.00,1609.21,0.00,372.08,0.00,1200.00,0.00,255.53,0.00,2075.29,0.00,580.17,0.00,483.13,0.00,1500.00,0.00,224.06,0.00,1200.00,0.00,759.54,0.00,988.78,0.00,2400.00,0.00,747.98,0.00,374.97,0.00,31.56,0.00,318.57,0.00,370.69,0.00,389.10,0.00,161.81,0.00,135.82,0.00,0.00,0.00,323.72,0.00,601.84,0.00,2633.69,0.00,958.00,0.00,28.51
2025-02-21 17:00:00,12000.00,12000.00,0.00,3217.20,0.00,2070.21,8000.00,0.00,0.00,6800.00,8000.00,0.00,277.11,0.00,0.00,6000.00,4158.55,0.00,0.00,5000.00,3000.00,0.00,3115.27,0.00,3124.58,0.00,6500.00,0.00,0.00,0.00,0.00,6500.00,0.00,6500.00,0.00,6352.40,1112.69,0.00,409.22,0.00,0.00,0.00,0.00,0.00,0.00,0.00,0.00,6500.00,0.00,0.00,0.00,0.00,0.00,0.00,0.00,0.00,3115.27,0.00,0.00,3025.40,0.00,0.00,0.00,0.00,12000.00,157.88,3000.00,6400.00,5000.00,7200.00,8000.00,8000.00,5000.00,2176.32,157.88,0.00,7362.99,0.00,5000.00,0.00,0.00,8000.00,2313.36,2413.50,0.00,8000.00,8000.00,8000.00,8000.00,0.00,0.00,2887.25,0.00,7362.99,3123.12,0.00,0.00,8000.00,8000.00,0.00,8000.00,8000.00,7200.00,1785.22,8000.00,5000.00,5000.00,9000.00,8000.00,0.00,8000.00,3000.00,137.99,0.00,0.00,183.08,0.00,10000.00,0.00,10000.00,4000.00,0.00,4045.24,0.00,3409.72,364.81,0.00,0.00,1000.00,6617.72,0.00,626.72,0.00,1200.00,0.00,0.00,0.00,600.00,0.00,0.00,2400.00,2640.00,0.00,850.04,0.00,850.75,0.00,0.00,3600.00,0.00,0.00,2400.00,0.00,1489.47,0.00,2847.37,0.00,3000.00,0.00,2866.10,0.00,3000.00,0.00,0.00,0.38,0.00,107.74,0.00,42.25,0.00,190.14,0.00,29.66,0.00,568.37,0.00,1000.58,0.00,810.08,0.00,3905.45,0.00,3377.36,0.00,26.98,0.00,38.05,0.00,78.09,0.00,8.27,0.00,48.93,0.00,11.60,0.00,34.59,0.00,12.31,0.00,29.21,0.00,187.97,0.00,1436.54,0.00,4185.33,0.00,1182.71,0.00,964.71,0.00,562.38,0.00,2817.82,0.00,222.29,0.00,1200.00,0.00,320.50,0.00,3245.95,0.00,1654.52,0.00,440.34,0.00,1500.00,0.00,822.36,0.00,1200.00,0.00,992.65,0.00,809.66,0.00,2400.00,0.00,981.40,0.00,1253.06,0.00,22.38,0.00,911.49,0.00,2814.22,0.00,580.13,0.00,160.72,0.00,960.36,0.00,0.00,0.00,1390.42,0.00,758.46,0.00,5898.41,0.00,830.12,0.00,18.05
2025-02-21 18:00:00,12000.00,12000.00,0.00,3909.75,0.00,6950.13,8000.00,0.00,0.00,6800.00,8000.00,0.00,0.00,105.69,0.00,6000.00,4292.52,0.00,0.00,5000.00,3000.00,0.00,3282.92,0.00,2541.08,0.00,6500.00,0.00,0.00,0.00,0.00,6500.00,0.00,6500.00,0.00,6416.34,887.30,0.00,1149.55,0.00,0.00,0.00,0.00,0.00,0.00,0.00,0.00,6500.00,0.00,0.00,0.00,0.00,0.00,0.00,0.00,0.00,3282.92,0.00,0.00,2514.44,0.00,0.00,0.00,0.00,12000.00,0.00,3000.00,6400.00,5000.00,7200.00,8000.00,8000.00,5000.00,4040.51,0.00,0.00,6598.30,0.00,5000.00,0.00,0.00,8000.00,2568.70,2943.25,0.00,8000.00,8000.00,8000.00,8000.00,0.00,0.00,0.00,0.00,6598.30,2947.51,0.00,0.00,8000.00,8000.00,0.00,8000.00,8000.00,7200.00,1707.05,8000.00,5000.00,5000.00,9000.00,8000.00,0.00,8000.00,3000.00,114.55,0.00,25.00,0.00,0.00,10000.00,0.00,10000.00,4000.00,0.00,3349.62,0.00,1862.47,982.54,0.00,0.00,1000.00,8022.50,0.00,621.66,0.00,1200.00,0.00,0.00,0.00,600.00,0.00,0.00,2400.00,2640.00,0.00,574.24,0.00,731.47,0.00,0.00,3600.00,0.00,0.00,2400.00,0.00,421.84,0.00,2539.47,0.00,3000.00,0.00,3113.57,0.00,3000.00,0.00,0.00,0.39,0.00,109.95,0.00,46.44,0.00,280.76,0.00,39.07,0.00,169.75,0.00,800.62,0.00,488.56,0.00,3834.72,0.00,2648.63,0.00,27.04,0.00,38.20,0.00,74.78,0.00,8.44,0.00,47.02,0.00,11.92,0.00,33.15,0.00,12.49,0.00,0.00,0.00,221.89,0.00,1059.08,0.00,8322.34,0.00,1295.76,0.00,2334.04,0.00,1208.75,0.00,2255.64,0.00,158.31,0.00,1200.00,474.41,0.00,0.00,3130.95,0.00,605.44,747.60,0.00,0.00,1500.00,804.24,0.00,0.00,1200.00,179.83,0.00,267.64,0.00,0.00,2400.00,0.00,1270.89,0.00,1184.90,0.00,18.65,0.00,830.05,0.00,2954.39,0.00,554.29,0.00,129.97,0.00,550.50,0.00,145.45,0.00,1094.72,0.00,620.29,0.00,2731.64,0.00,710.22,0.00,13.74
2025-02-21 19:00:00,12000.00,12000.00,0.00,3485.38,0.00,7387.50,8000.00,0.00,0.00,6800.00,8000.00,0.00,277.86,0.00,0.00,6000.00,4289.45,0.00,0.00,5000.00,3000.00,0.00,3095.68,0.00,3372.61,0.00,6500.00,0.00,0.00,0.00,0.00,6500.00,0.00,6500.00,0.00,6344.40,1805.35,0.00,2439.35,0.00,0.00,0.00,0.00,0.00,0.00,0.00,0.00,6500.00,0.00,0.00,0.00,0.00,0.00,0.00,0.00,0.00,3095.68,0.00,0.00,2929.89,0.00,0.00,0.00,0.00,12000.00,363.25,3000.00,6400.00,5000.00,7200.00,8000.00,8000.00,5000.00,4033.99,363.25,0.00,8822.45,0.00,5000.00,0.00,0.00,8000.00,3299.06,3492.81,0.00,8000.00,8000.00,8000.00,8000.00,0.00,0.00,161.60,0.00,8822.45,2962.72,0.00,0.00,8000.00,8000.00,0.00,8000.00,8000.00,7200.00,1705.33,8000.00,5000.00,5000.00,9000.00,8000.00,0.00,8000.00,3000.00,101.62,0.00,27.38,0.00,0.00,10000.00,0.00,10000.00,4000.00,0.00,3488.51,0.00,4731.16,1841.92,0.00,0.00,1000.00,8989.54,0.00,651.84,0.00,1200.00,0.00,0.00,0.00,600.00,0.00,0.00,2400.00,2640.00,0.00,1030.64,0.00,1204.40,0.00,0.00,3600.00,0.00,0.00,2400.00,0.00,757.22,0.00,2916.60,0.00,3000.00,0.00,3929.74,0.00,3000.00,0.00,0.00,0.39,0.00,109.78,0.00,48.17,0.00,183.62,0.00,37.31,0.00,461.66,0.00,1026.90,0.00,503.29,0.00,3944.58,0.00,2901.26,0.00,28.05,0.00,40.07,0.00,77.86,0.00,8.69,0.00,53.54,0.00,13.20,0.00,37.23,0.00,13.80,0.00,37.79,0.00,211.70,0.00,2826.03,0.00,8085.15,0.00,964.06,0.00,2523.07,0.00,2011.89,0.00,2237.47,0.00,136.80,0.00,1200.00,0.00,184.69,0.00,3224.16,0.00,992.18,0.00,397.07,0.00,1500.00,0.00,1605.79,0.00,1200.00,0.00,132.21,0.00,96.37,0.00,2400.00,0.00,3403.01,0.00,1990.89,0.00,17.76,0.00,1128.72,0.00,3940.36,0.00,567.74,0.00,118.29,0.00,991.26,0.00,107.44,0.00,902.45,0.00,588.43,0.00,2856.30,0.00,781.48,0.00,11.92
2025-02-21 20:00:00,12000.00,12000.00,0.00,2672.24,0.00,6614.63,8000.00,0.00,0.00,6800.00,8000.00,0.00,235.78,0.00,0.00,6000.00,3796.32,0.00,0.00,5000.00,3000.00,0.00,2753.88,0.00,3605.83,0.00,6500.00,0.00,0.00,1031.66,0.00,6500.00,0.00,6500.00,0.00,6346.62,1437.06,0.00,271.98,0.00,0.00,0.00,0.00,0.00,0.00,0.00,0.00,6500.00,0.00,0.00,0.00,0.00,0.00,0.00,0.00,0.00,2753.88,0.00,0.00,2634.71,0.00,0.00,0.00,0.00,12000.00,1976.96,3000.00,6400.00,5000.00,7200.00,8000.00,8000.00,5000.00,4616.44,1976.96,0.00,8800.21,0.00,5000.00,0.00,0.00,8000.00,2797.20,3078.14,0.00,8000.00,8000.00,8000.00,8000.00,0.00,0.00,4108.20,0.00,8800.21,2770.09,0.00,0.00,8000.00,8000.00,0.00,8000.00,8000.00,7200.00,1604.46,8000.00,5000.00,5000.00,9000.00,8000.00,0.00,8000.00,3000.00,50.93,0.00,26.98,0.00,0.00,10000.00,0.00,10000.00,4000.00,0.00,2934.28,0.00,4800.00,240.41,0.00,0.00,1000.00,8293.89,0.00,841.07,0.00,1200.00,0.00,0.00,0.00,600.00,0.00,0.00,2400.00,2640.00,0.00,0.00,0.00,1033.46,0.00,0.00,3600.00,48.57,0.00,2346.17,0.00,0.00,0.00,2542.40,0.00,3000.00,0.00,3445.77,0.00,3000.00,0.00,0.00,0.40,0.00,93.16,0.00,43.43,0.00,91.68,0.00,38.46,0.00,308.32,0.00,949.70,0.00,504.99,0.00,3879.53,0.00,2940.57,0.00,27.17,0.00,37.97,0.00,68.91,0.00,8.71,0.00,0.00,0.00,0.00,0.00,0.00,0.00,0.00,0.00,55.41,0.00,219.24,0.00,2283.03,0.00,8255.22,0.00,1001.01,0.00,2150.88,0.00,882.35,0.00,2295.32,0.00,131.70,0.00,1200.00,0.00,1000.00,0.00,3357.74,0.00,1594.86,0.00,2000.00,0.00,1500.00,0.00,2566.76,0.00,1200.00,0.00,827.90,0.00,939.72,0.00,2400.00,0.00,1743.09,0.00,1484.06,0.00,17.68,0.00,913.93,0.00,2972.22,0.00,548.78,0.00,116.56,0.00,3883.04,0.00,292.26,0.00,894.21,0.00,671.77,0.00,6075.51,0.00,657.09,0.00,11.01
2025-02-21 21:00:00,12000.00,12000.00,0.00,3375.09,0.00,4586.94,8000.00,0.00,0.00,6800.00,8000.00,0.00,0.00,175.47,0.00,6000.00,3276.86,0.00,0.00,5000.00,3000.00,0.00,3055.27,0.00,1931.83,0.00,6500.00,0.00,0.00,0.00,0.00,6500.00,0.00,6500.00,0.00,6481.01,1798.09,0.00,365.89,0.00,0.00,0.00,0.00,0.00,0.00,0.00,0.00,6500.00,0.00,0.00,0.00,0.00,0.00,0.00,0.00,0.00,3055.27,0.00,0.00,1581.69,0.00,0.00,0.00,0.00,12000.00,1097.04,3000.00,6400.00,5000.00,7200.00,8000.00,8000.00,5000.00,4408.72,1097.04,0.00,7326.75,0.00,5000.00,0.00,0.00,8000.00,2378.91,2954.43,0.00,8000.00,8000.00,8000.00,8000.00,0.00,0.00,3493.87,0.00,7326.75,3319.49,0.00,0.00,8000.00,8000.00,0.00,8000.00,8000.00,7200.00,1603.93,8000.00,5000.00,5000.00,9000.00,8000.00,0.00,8000.00,3000.00,106.48,0.00,0.00,128.14,0.00,10000.00,0.00,10000.00,4000.00,0.00,1690.60,0.00,4789.93,329.90,0.00,0.00,1000.00,8091.28,0.00,1460.67,0.00,1200.00,0.00,0.00,0.00,600.00,0.00,0.00,2400.00,2640.00,0.00,9.28,0.00,1205.37,0.00,0.00,3600.00,15.25,0.00,2383.00,0.00,0.00,0.00,2490.95,0.00,3000.00,0.00,2994.32,0.00,3000.00,0.00,0.00,0.41,0.00,87.13,0.00,39.45,0.00,67.85,0.00,39.73,0.00,120.94,0.00,832.57,0.00,390.66,0.00,3145.65,0.00,1976.98,0.00,11.52,0.00,12.11,0.00,16.01,0.00,5.60,0.00,0.00,0.00,0.00,0.00,0.00,0.00,0.00,0.00,0.00,0.00,193.53,0.00,1015.20,0.00,6815.49,0.00,781.07,0.00,1450.31,0.00,553.87,0.00,2036.02,0.00,115.65,0.00,1200.00,0.00,989.97,0.00,3145.10,0.00,981.39,0.00,1989.69,0.00,1500.00,0.00,1663.06,0.00,1200.00,0.00,908.53,0.00,869.73,0.00,2400.00,0.00,337.42,0.00,612.12,0.00,18.49,0.00,497.24,0.00,748.11,0.00,509.05,0.00,101.35,0.00,668.98,0.00,0.00,0.00,701.10,0.00,570.07,0.00,4989.20,0.00,552.10,0.00,10.45
2025-02-21 22:00:00,12000.00,12000.00,0.00,4092.86,0.00,2396.19,8000.00,0.00,0.00,6800.00,8000.00,0.00,0.00,605.44,0.00,6000.00,2639.33,0.00,0.00,5000.00,3000.00,0.00,3776.79,0.00,464.18,0.00,6500.00,0.00,169.68,158.70,0.00,6500.00,0.00,6500.00,0.00,6500.00,1215.03,91.43,2508.49,93.73,0.00,0.00,0.00,0.00,0.00,0.00,0.00,6500.00,0.00,0.00,40.15,40.15,0.00,0.00,0.00,0.00,3776.79,0.00,0.00,341.49,40.15,40.15,0.00,0.00,12000.00,0.00,3000.00,6400.00,5000.00,7200.00,8000.00,8000.00,5000.00,4668.18,0.00,0.00,4227.46,0.00,5000.00,0.00,0.00,8000.00,2662.72,4000.00,0.00,7937.89,8000.00,8000.00,8000.00,0.00,0.00,0.00,0.00,4227.46,3565.29,0.00,0.00,8000.00,8000.00,0.00,7937.78,8000.00,7200.00,1683.43,8000.00,5000.00,5000.00,9000.00,8000.00,100.82,8000.00,3000.00,2494.35,0.00,0.00,457.45,0.00,10000.00,0.00,10000.00,4000.00,0.00,831.22,47.61,4679.84,1846.63,89.42,0.00,1000.00,9600.00,0.00,2763.98,95.85,1200.00,0.00,174.46,0.00,600.00,0.00,0.00,2400.00,2585.36,36.36,1227.05,87.87,905.85,88.61,0.00,3600.00,0.00,0.00,2400.00,0.00,261.42,0.00,2733.67,0.00,3000.00,0.00,3326.96,0.00,3000.00,100.82,0.00,0.42,0.00,67.73,0.00,39.91,0.00,50.42,0.00,41.22,0.00,129.61,0.00,263.25,0.00,171.84,0.00,907.13,0.00,665.01,0.00,0.00,0.00,0.00,0.00,0.00,0.00,0.00,0.00,0.00,0.00,0.00,0.00,0.00,0.00,0.00,0.00,0.00,0.00,191.44,0.00,749.82,0.00,2736.30,0.00,596.90,0.00,801.99,0.00,479.25,0.00,947.25,0.00,113.51,1.55,1198.01,30.41,27.30,0.00,1221.41,0.00,345.33,31.92,28.74,1.58,1497.96,31.72,28.56,1.57,1197.89,32.13,28.89,32.95,29.65,0.00,2400.00,0.00,716.21,35.79,32.42,0.00,20.43,35.82,32.46,36.56,33.11,0.00,321.21,0.00,92.88,0.00,96.47,0.00,0.00,0.00,528.12,0.00,405.26,0.00,1444.11,0.00,427.80,0.00,9.92
2025-02-21 23:00:00,12000.00,12000.00,0.00,5000.00,0.00,2200.98,8000.00,0.00,0.00,6800.00,8000.00,0.00,0.00,1430.49,0.00,6000.00,2653.53,0.00,0.00,5000.00,3000.00,0.00,4193.36,0.00,0.00,0.00,6500.00,0.00,2754.00,2129.69,0.00,6500.00,0.00,6500.00,0.00,6500.00,3700.47,1396.06,4822.90,1248.44,0.00,0.00,0.00,0.00,0.00,0.00,0.00,6500.00,0.00,0.00,1746.48,1746.48,0.00,0.00,0.00,0.00,4193.36,0.00,0.00,89.16,1746.48,1746.48,0.00,0.00,11727.23,0.00,2930.06,6400.00,4936.78,7200.00,8000.00,8000.00,4936.78,4431.26,0.00,0.00,866.50,418.06,4936.78,0.00,0.00,8000.00,2148.37,3833.99,0.00,7613.13,8000.00,8000.00,8000.00,0.00,0.00,0.00,418.06,866.50,2750.65,0.00,0.00,8000.00,8000.00,0.00,7609.29,8000.00,7200.00,1803.37,8000.00,4936.78,4936.78,8716.61,7720.90,559.66,8000.00,3000.00,2361.55,0.00,0.00,93.49,0.00,10000.00,0.00,10000.00,4000.00,0.00,458.42,315.74,4308.39,3350.92,1076.45,0.00,1000.00,9451.73,169.33,5702.26,1010.87,1200.00,0.00,76.32,0.00,600.00,0.00,0.00,2400.00,2119.21,467.82,2044.48,865.25,1917.22,1019.51,0.00,3600.00,0.00,0.00,2400.00,0.00,225.11,0.00,2464.56,0.00,3000.00,0.00,2652.04,0.00,2930.06,559.66,0.00,0.43,0.00,68.08,0.00,31.11,0.00,32.22,0.00,41.64,0.00,106.89,0.00,0.00,0.00,0.00,0.00,715.46,0.00,550.69,0.00,0.00,0.00,0.00,0.00,0.00,0.00,0.00,0.00,0.00,0.00,0.00,0.00,0.00,0.00,0.00,0.00,0.00,0.00,149.05,0.00,319.42,0.00,1931.27,0.00,530.18,0.00,705.95,0.00,824.16,0.00,651.05,0.00,106.17,760.56,230.34,682.56,252.18,0.00,0.00,1231.20,0.00,1251.30,453.83,900.93,264.47,1672.81,583.91,805.28,262.03,943.77,458.59,941.23,491.47,657.14,360.67,1294.28,952.83,1457.99,989.54,0.00,26.69,1171.89,683.69,2232.67,1702.07,0.00,281.16,0.00,85.52,0.00,101.74,0.00,0.00,0.00,505.16,0.00,334.71,0.00,1043.28,0.00,266.19,0.00,9.86
