,link_0_Xinjiang_Anhui,link_1_Xinjiang_Anhui,link_2_Shanxi_Henan__fwd,link_2_Shanxi_Henan__rev,link_3_Anhui_Zhejiang__fwd,link_3_Anhui_Zhejiang__rev,link_4_Zhejiang_Shanghai__fwd,link_4_Zhejiang_Shanghai__rev,link_5_Zhejiang_Fujian__fwd,link_5_Zhejiang_Fujian__rev,link_6_Anhui_Jiangsu__fwd,link_6_Anhui_Jiangsu__rev,link_7_Jiangsu_Shanghai__fwd,link_7_Jiangsu_Shanghai__rev,link_8_NM_WEST_Shandong__fwd,link_8_NM_WEST_Shandong__rev,link_9_NM_WEST_Tianjin__fwd,link_9_NM_WEST_Tianjin__rev,link_10_HEBEI_NORTH_NM_WEST__fwd,link_10_HEBEI_NORTH_NM_WEST__rev,link_11_HEBEI_NORTH_Beijing__fwd,link_11_HEBEI_NORTH_Beijing__rev,link_12_Shaanxi_Shandong__fwd,link_12_Shaanxi_Shandong__rev,link_13_NM_WEST_Shanxi__fwd,link_13_NM_WEST_Shanxi__rev,link_14_Shandong_HEBEI_SOUTH__fwd,link_14_Shandong_HEBEI_SOUTH__rev,link_15_Jiangxi_Hunan__fwd,link_15_Jiangxi_Hunan__rev,link_16_Henan_Hubei__fwd,link_16_Henan_Hubei__rev,link_17_Henan_Hubei__fwd,link_17_Henan_Hubei__rev,link_18_HEBEI_NORTH_NM_EAST__fwd,link_18_HEBEI_NORTH_NM_EAST__rev,link_19_Hubei_Jiangxi__fwd,link_19_Hubei_Jiangxi__rev,link_20_Sichuan_Chongqing__fwd,link_20_Sichuan_Chongqing__rev,link_21_Fujian_Fujian__fwd,link_21_Fujian_Fujian__rev,link_22_HEBEI_SOUTH_HEBEI_SOUTH__fwd,link_22_HEBEI_SOUTH_HEBEI_SOUTH__rev,link_23_HEBEI_SOUTH_HEBEI_SOUTH__fwd,link_23_HEBEI_SOUTH_HEBEI_SOUTH__rev,link_24_HEBEI_SOUTH_NM_WEST__fwd,link_24_HEBEI_SOUTH_NM_WEST__rev,link_25_Henan_Henan__fwd,link_25_Henan_Henan__rev,link_26_Hubei_Hubei__fwd,link_26_Hubei_Hubei__rev,link_27_Jiangsu_Jiangsu__fwd,link_27_Jiangsu_Jiangsu__rev,link_28_NM_WEST_NM_WEST__fwd,link_28_NM_WEST_NM_WEST__rev,link_29_Shaanxi_Shandong__fwd,link_29_Shaanxi_Shandong__rev,link_30_HEBEI_NORTH_HEBEI_SOUTH__fwd,link_30_HEBEI_NORTH_HEBEI_SOUTH__rev,link_31_Hubei_Hubei__fwd,link_31_Hubei_Hubei__rev,link_32_Henan_Henan__fwd,link_32_Henan_Henan__rev,link_33_Yunnan_Guangdong,link_34_Gansu_Hunan,link_35_Guizhou_Guangdong,link_36_Sichuan_Shanghai,link_37_Yunnan_Guangdong,link_38_Sichuan_Jiangsu,link_39_Sichuan_Zhejiang,link_40_Xinjiang_Henan,link_41_Yunnan_Guangdong,link_42_Ningxia_Zhejiang,link_43_Gansu_Hunan,link_44_NM_EAST_Shandong,link_45_NM_WEST_Jiangsu,link_46_Shanxi_Jiangsu,link_47_Yunnan_Guangdong,link_48_NM_WEST_Shandong,link_49_NM_WEST_Shandong,link_50_Qinghai_Henan,link_51_Yunnan_Guangxi,link_52_Guangxi_Guangdong,link_53_Shaanxi_Hubei,link_54_Sichuan_Jiangxi,link_55_Sichuan_Jiangsu,link_56_Sichuan_Zhejiang,link_57_Gansu_Shandong,link_58_Ningxia_Hunan,link_59_Tibet_Hubei,link_60_Xinjiang_Chongqing,link_61_Shanxi_Jiangsu,link_62_NM_WEST_Jiangsu,link_63_Xinjiang_Fujian,link_64_NM_EAST_Jiangsu,link_65_NM_WEST_Shandong,link_66_Ningxia_Anhui,link_67_Shandong_Henan,link_68_Shanxi_Zhejiang,link_69_Sichuan_Hunan,link_70_Sichuan_Jiangsu,link_71_Sichuan_Jiangsu,link_72_Tibet_Zhejiang,link_73_Xinjiang_Henan,link_74_Yunnan_Guangdong,link_75_Yunnan_Guangdong,link_76_Yunnan_Guangdong,link_77_Yunnan_Guangdong,link_78_Yunnan_Guizhou,link_79_Yunnan_Shandong,link_80_Sichuan_Shanghai,link_81_Gansu_Ningxia__fwd,link_81_Gansu_Ningxia__rev,link_82_Gansu_Qinghai__fwd,link_82_Gansu_Qinghai__rev,link_83_Shaanxi_Gansu__fwd,link_83_Shaanxi_Gansu__rev,link_84_Gansu_Xinjiang__fwd,link_84_Gansu_Xinjiang__rev,link_85_Ningxia_Shandong,link_86_Heilongjiang_Jilin__fwd,link_86_Heilongjiang_Jilin__rev,link_87_Hubei_Chongqing__fwd,link_87_Hubei_Chongqing__rev,link_88_Sichuan_Chongqing__fwd,link_88_Sichuan_Chongqing__rev,link_89_HEBEI_SOUTH_Henan__fwd,link_89_HEBEI_SOUTH_Henan__rev,link_90_Guangxi_Guangdong__fwd,link_90_Guangxi_Guangdong__rev,link_91_Guizhou_Guangxi__fwd,link_91_Guizhou_Guangxi__rev,link_92_Guangdong_Hainan__fwd,link_92_Guangdong_Hainan__rev,link_93_Liaoning_HEBEI_NORTH__fwd,link_93_Liaoning_HEBEI_NORTH__rev,link_94_Sichuan_Tibet__fwd,link_94_Sichuan_Tibet__rev,link_95_Beijing_Tianjin__fwd,link_95_Beijing_Tianjin__rev,link_96_Guizhou_Chongqing__fwd,link_96_Guizhou_Chongqing__rev,link_97_Hubei_Hunan__fwd,link_97_Hubei_Hunan__rev,link_98_Hubei_Jiangxi__fwd,link_98_Hubei_Jiangxi__rev,link_99_Jiangsu_Zhejiang__fwd,link_99_Jiangsu_Zhejiang__rev,link_100_Jilin_Liaoning__fwd,link_100_Jilin_Liaoning__rev,link_101_NM_EAST_Heilongjiang__fwd,link_101_NM_EAST_Heilongjiang__rev,link_102_NM_EAST_Jilin__fwd,link_102_NM_EAST_Jilin__rev,link_103_NM_EAST_Liaoning__fwd,link_103_NM_EAST_Liaoning__rev,link_104_Shaanxi_HEBEI_SOUTH__fwd,link_104_Shaanxi_HEBEI_SOUTH__rev,link_105_Yunnan_Guangxi,link_106_Fujian_Guangdong,link_107_Guizhou_Guangdong,link_108_Yunnan_Guizhou,Beijing__battery__chg__3255,Beijing__battery__dis__3255,Tianjin__battery__chg__3258,Tianjin__battery__dis__3258,HEBEI_NORTH__pumped__chg__3262,HEBEI_NORTH__pumped__dis__3262,HEBEI_NORTH__battery__chg__3263,HEBEI_NORTH__battery__dis__3263,HEBEI_SOUTH__pumped__chg__3267,HEBEI_SOUTH__pumped__dis__3267,HEBEI_SOUTH__battery__chg__3268,HEBEI_SOUTH__battery__dis__3268,Shanxi__pumped__chg__3272,Shanxi__pumped__dis__3272,Shanxi__battery__chg__3273,Shanxi__battery__dis__3273,Shandong__pumped__chg__3278,Shandong__pumped__dis__3278,Shandong__battery__chg__3279,Shandong__battery__dis__3279,NM_EAST__pumped__chg__3283,NM_EAST__pumped__dis__3283,NM_EAST__battery__chg__3284,NM_EAST__battery__dis__3284,Liaoning__pumped__chg__3290,Liaoning__pumped__dis__3290,Liaoning__battery__chg__3291,Liaoning__battery__dis__3291,Jilin__pumped__chg__3295,Jilin__pumped__dis__3295,Jilin__battery__chg__3296,Jilin__battery__dis__3296,Heilongjiang__pumped__chg__3300,Heilongjiang__pumped__dis__3300,Heilongjiang__battery__chg__3301,Heilongjiang__battery__dis__3301,Shanghai__battery__chg__3305,Shanghai__battery__dis__3305,Jiangsu__pumped__chg__3311,Jiangsu__pumped__dis__3311,Jiangsu__battery__chg__3312,Jiangsu__battery__dis__3312,Zhejiang__pumped__chg__3318,Zhejiang__pumped__dis__3318,Zhejiang__battery__chg__3319,Zhejiang__battery__dis__3319,Anhui__pumped__chg__3323,Anhui__pumped__dis__3323,Anhui__battery__chg__3324,Anhui__battery__dis__3324,Fujian__pumped__chg__3330,Fujian__pumped__dis__3330,Fujian__battery__chg__3331,Fujian__battery__dis__3331,Jiangxi__pumped__chg__3335,Jiangxi__pumped__dis__3335,Jiangxi__battery__chg__3336,Jiangxi__battery__dis__3336,Henan__pumped__chg__3340,Henan__pumped__dis__3340,Henan__battery__chg__3341,Henan__battery__dis__3341,Hubei__battery__chg__3345,Hubei__battery__dis__3345,Hunan__pumped__chg__3349,Hunan__pumped__dis__3349,Hunan__battery__chg__3350,Hunan__battery__dis__3350,Chongqing__pumped__chg__3354,Chongqing__pumped__dis__3354,Chongqing__battery__chg__3355,Chongqing__battery__dis__3355,Sichuan__battery__chg__3359,Sichuan__battery__dis__3359,Guangdong__pumped__chg__3365,Guangdong__pumped__dis__3365,Guangdong__battery__chg__3366,Guangdong__battery__dis__3366,Guangxi__battery__chg__3371,Guangxi__battery__dis__3371,Hainan__battery__chg__3376,Hainan__battery__dis__3376,Guizhou__battery__chg__3380,Guizhou__battery__dis__3380,Yunnan__battery__chg__3384,Yunnan__battery__dis__3384,Shaanxi__pumped__chg__3388,Shaanxi__pumped__dis__3388,Shaanxi__battery__chg__3389,Shaanxi__battery__dis__3389,Gansu__battery__chg__3393,Gansu__battery__dis__3393,Qinghai__battery__chg__3397,Qinghai__battery__dis__3397,Ningxia__battery__chg__3401,Ningxia__battery__dis__3401,Xinjiang__pumped__chg__3405,Xinjiang__pumped__dis__3405,Xinjiang__battery__chg__3406,Xinjiang__battery__dis__3406,NM_WEST__battery__chg__3410,NM_WEST__battery__dis__3410,Tibet__battery__chg__3413,Tibet__battery__dis__3413
2026-04-19 00:00:00,12000.00,12000.00,5000.00,0.00,6385.71,0.00,0.00,0.00,0.00,1649.74,0.00,0.00,2662.66,0.00,0.00,6000.00,2876.78,0.00,0.00,5000.00,3000.00,0.00,2500.08,0.00,6500.00,0.00,6500.00,0.00,0.00,5920.36,0.00,0.00,0.00,0.00,0.00,4690.11,0.00,0.00,0.00,5629.75,0.00,0.00,0.00,0.00,0.00,0.00,0.00,6500.00,0.00,0.00,0.00,0.00,0.00,0.00,0.00,0.00,2500.08,0.00,0.00,0.00,0.00,0.00,0.00,0.00,5429.24,8000.00,3000.00,5523.42,2044.91,0.00,7440.26,8000.00,2044.91,8000.00,8000.00,0.00,10000.00,8000.00,2044.91,0.00,0.00,8000.00,0.00,4000.00,8000.00,0.00,0.00,7440.26,8000.00,8000.00,0.00,8000.00,8000.00,10000.00,9000.00,10000.00,0.00,8000.00,8000.00,8000.00,0.00,0.00,0.00,0.00,8000.00,2044.91,2044.91,4135.84,3699.73,0.00,0.00,2329.31,721.02,0.00,6825.54,0.00,0.00,929.54,0.00,9107.83,2368.70,0.00,0.00,4800.00,0.00,0.00,3996.97,1000.00,0.00,9600.00,0.00,7200.00,0.00,1200.00,0.00,0.00,0.00,313.21,0.00,0.00,2400.00,2640.00,0.00,0.00,3153.97,0.00,0.00,1649.21,0.00,0.00,0.00,2377.91,0.00,171.24,0.00,7174.08,0.00,3000.00,0.00,0.00,2000.00,1000.00,0.00,0.00,0.00,0.00,57.95,0.00,0.00,0.00,847.18,0.00,108.67,0.00,67.35,0.00,0.00,0.00,0.00,0.00,0.00,0.00,3060.02,0.00,0.00,0.00,1881.50,0.00,0.00,0.00,0.00,0.00,273.29,0.00,420.60,0.00,0.00,0.00,122.24,0.00,0.00,0.00,127.93,0.00,104.38,0.00,0.00,0.00,0.00,0.00,389.70,0.00,126.42,0.00,0.00,0.00,0.00,0.00,133.97,0.00,103.97,0.00,24.58,0.00,2232.27,0.00,254.48,0.00,189.15,0.00,1699.87,0.00,0.00,0.00,0.00,0.00,0.00,0.00,0.00,67.15,0.00,0.00,499.77,0.00,0.00,0.00,0.00,72.64,0.00,0.00,0.00,0.00,0.00,0.00,1977.48,0.00,186.53,0.00,2399.80,0.00,0.00,0.00,8537.00,0.00,367.83,0.00,0.00
2026-04-19 01:00:00,12000.00,12000.00,5000.00,0.00,5742.18,0.00,0.00,0.00,0.00,1076.95,0.00,0.00,194.74,0.00,0.00,6000.00,2646.12,0.00,0.00,4586.12,3000.00,0.00,3586.80,0.00,6500.00,0.00,6500.00,0.00,0.00,6500.00,0.00,0.00,0.00,0.00,0.00,4831.04,0.00,0.00,0.00,6256.28,0.00,0.00,0.00,0.00,0.00,0.00,0.00,6500.00,0.00,0.00,0.00,0.00,0.00,0.00,0.00,0.00,3586.80,0.00,0.00,0.00,0.00,0.00,0.00,0.00,5677.32,8000.00,3000.00,6400.00,2245.40,302.37,8000.00,8000.00,2245.40,8000.00,8000.00,0.00,10000.00,8000.00,2245.40,0.00,0.00,8000.00,0.00,4000.00,8000.00,0.00,306.77,8000.00,8000.00,6403.28,0.00,8000.00,8000.00,10000.00,9000.00,10000.00,0.00,8000.00,8000.00,8000.00,0.00,306.77,302.37,192.18,8000.00,2245.40,2245.40,4284.14,3816.92,0.00,0.00,3000.00,479.37,0.00,6202.21,0.00,0.00,1389.11,0.00,8099.30,3368.10,0.00,0.00,4800.00,0.00,0.00,4570.80,1000.00,0.00,9600.00,0.00,5205.41,0.00,1200.00,0.00,0.00,0.00,406.32,0.00,0.00,2400.00,2640.00,0.00,0.00,3600.00,0.00,0.00,958.31,0.00,0.00,0.00,2400.00,0.00,174.12,0.00,7200.00,0.00,3000.00,0.00,0.00,2000.00,1000.00,0.00,0.00,0.00,0.00,57.51,0.00,0.00,0.00,0.00,0.00,107.87,0.00,55.02,0.00,0.00,0.00,0.00,0.00,0.00,0.00,2077.53,0.00,0.00,0.00,0.00,0.00,0.00,0.00,0.00,0.00,0.00,0.00,0.00,0.00,0.00,0.00,83.17,0.00,0.00,0.00,124.84,0.00,81.15,0.00,0.00,0.00,0.00,0.00,343.82,0.00,115.43,0.00,0.00,0.00,0.00,0.00,140.36,0.00,123.59,0.00,22.06,0.00,292.22,0.00,223.48,0.00,0.00,0.00,0.00,0.00,0.00,0.00,0.00,0.00,0.00,0.00,0.00,58.74,0.00,0.00,0.00,0.00,0.00,0.00,0.00,68.45,0.00,0.00,0.00,0.00,0.00,0.00,801.51,0.00,176.46,0.00,1120.03,0.00,0.00,0.00,4671.93,0.00,350.05,0.00,0.00
2026-04-19 02:00:00,12000.00,12000.00,3855.69,0.00,5462.38,0.00,0.00,58.32,0.00,432.02,0.00,0.00,0.00,0.00,0.00,6000.00,2425.09,0.00,0.00,0.00,3000.00,0.00,5058.80,0.00,6500.00,0.00,6500.00,0.00,0.00,6500.00,0.00,0.00,0.00,0.00,0.00,6500.00,0.00,0.00,0.00,6500.00,0.00,0.00,0.00,0.00,0.00,0.00,0.00,6500.00,0.00,0.00,0.00,0.00,0.00,0.00,0.00,0.00,5058.80,0.00,510.10,0.00,0.00,0.00,0.00,0.00,5851.00,7853.50,3000.00,6335.35,2426.91,996.92,8000.00,8000.00,2426.91,8000.00,7853.50,0.00,10000.00,8000.00,2426.91,0.00,0.00,8000.00,0.00,4000.00,8000.00,0.00,1020.59,8000.00,8000.00,4936.46,0.00,8000.00,8000.00,10000.00,9000.00,10000.00,0.00,8000.00,8000.00,8000.00,0.00,1020.59,996.92,189.16,8000.00,2426.91,2426.91,4366.18,3882.62,0.00,0.00,2949.19,0.00,0.00,5582.10,0.00,0.00,3040.51,0.00,7166.95,4000.00,0.00,59.21,4800.00,0.00,0.00,4800.00,618.26,0.00,9600.00,0.00,3286.81,0.00,1200.00,0.00,2000.00,0.00,383.07,0.00,0.00,2400.00,2640.00,0.00,0.00,3600.00,0.00,0.00,359.46,0.00,327.99,0.00,2129.12,0.00,0.00,0.00,7104.40,0.00,3000.00,0.00,0.00,2000.00,1000.00,0.00,0.00,0.00,0.00,45.35,0.00,0.00,0.00,0.00,0.00,107.43,0.00,47.72,0.00,0.00,0.00,0.00,0.00,0.00,0.00,1193.20,0.00,0.00,0.00,0.00,0.00,0.00,0.00,0.00,0.00,0.00,0.00,0.00,0.00,0.00,0.00,0.00,0.00,0.00,0.00,115.65,0.00,69.89,0.00,0.00,0.00,0.00,0.00,198.23,0.00,86.42,0.00,0.00,0.00,0.00,0.00,136.61,0.00,110.89,0.00,0.00,0.00,0.00,0.00,213.98,0.00,0.00,0.00,0.00,0.00,0.00,0.00,0.00,0.00,0.00,0.00,0.00,65.98,0.00,0.00,0.00,0.00,0.00,0.00,0.00,76.29,0.00,0.00,0.00,0.00,0.00,0.00,467.95,0.00,150.87,0.00,0.00,0.00,0.00,0.00,1295.54,0.00,276.25,0.00,0.00
2026-04-19 03:00:00,12000.00,12000.00,2855.79,0.00,5189.84,0.00,0.00,182.12,0.00,354.22,0.00,0.00,0.00,0.00,0.00,6000.00,2417.44,0.00,0.00,0.00,3000.00,0.00,6177.65,0.00,6500.00,0.00,6500.00,0.00,0.00,6500.00,0.00,0.00,0.00,0.00,0.00,6500.00,0.00,0.00,0.00,6500.00,0.00,0.00,0.00,0.00,0.00,0.00,0.00,6500.00,0.00,0.00,0.00,0.00,0.00,0.00,0.00,0.00,6177.65,0.00,662.56,0.00,0.00,0.00,0.00,0.00,5899.70,7024.78,3000.00,6147.31,2487.16,1390.81,8000.00,8000.00,2487.16,8000.00,7024.78,0.00,10000.00,8000.00,2487.16,0.00,0.00,8000.00,0.00,4000.00,8000.00,0.00,1437.54,8000.00,8000.00,5202.42,0.00,8000.00,8000.00,10000.00,9000.00,10000.00,0.00,8000.00,8000.00,8000.00,0.00,1437.54,1390.81,184.19,8000.00,2487.16,2487.16,4384.01,3893.45,0.00,0.00,2800.94,0.00,0.00,5562.25,0.00,0.00,4387.69,0.00,6925.95,4000.00,0.00,191.74,4800.00,0.00,0.00,4800.00,566.66,0.00,9600.00,0.00,2519.21,0.00,1200.00,0.00,2000.00,0.00,337.64,0.00,0.00,2400.00,2640.00,0.00,0.00,3600.00,0.00,0.00,280.67,0.00,256.77,0.00,1881.50,0.00,0.00,0.00,6618.24,0.00,3000.00,0.00,0.00,2000.00,1000.00,0.00,0.00,0.00,0.00,43.22,0.00,0.00,0.00,0.00,0.00,108.98,0.00,45.83,0.00,0.00,0.00,0.00,0.00,0.00,0.00,653.05,0.00,0.00,0.00,0.00,0.00,0.00,0.00,0.00,0.00,0.00,0.00,0.00,0.00,0.00,0.00,0.00,0.00,0.00,0.00,114.87,0.00,66.75,0.00,0.00,0.00,0.00,0.00,163.14,0.00,74.72,0.00,0.00,0.00,0.00,0.00,131.83,0.00,111.91,0.00,0.00,0.00,0.00,0.00,226.22,0.00,0.00,0.00,0.00,0.00,0.00,0.00,0.00,0.00,0.00,0.00,0.00,67.86,0.00,0.00,0.00,0.00,0.00,0.00,0.00,77.20,0.00,0.00,0.00,0.00,0.00,0.00,190.93,0.00,98.60,0.00,0.00,0.00,0.00,0.00,324.36,0.00,260.12,0.00,0.00
2026-04-19 04:00:00,12000.00,12000.00,2546.75,0.00,4390.69,0.00,0.00,97.51,0.00,112.46,0.00,0.00,0.00,0.00,0.00,6000.00,2459.74,0.00,0.00,1003.67,3000.00,0.00,5946.85,0.00,6500.00,0.00,6500.00,0.00,0.00,6500.00,0.00,0.00,0.00,0.00,0.00,6500.00,0.00,0.00,0.00,6500.00,0.00,0.00,0.00,0.00,0.00,0.00,0.00,6500.00,0.00,0.00,0.00,0.00,0.00,0.00,0.00,0.00,5946.85,0.00,0.00,0.00,0.00,0.00,0.00,0.00,5836.30,6829.25,3000.00,6136.60,2436.53,1508.21,8000.00,8000.00,2436.53,8000.00,6829.25,0.00,10000.00,8000.00,2436.53,0.00,0.00,8000.00,0.00,4000.00,8000.00,0.00,1565.10,8000.00,8000.00,4956.61,0.00,8000.00,8000.00,10000.00,9000.00,10000.00,0.00,8000.00,8000.00,8000.00,0.00,1565.10,1508.21,66.21,8000.00,2436.53,2436.53,4344.06,3859.80,0.00,0.00,2791.22,0.00,0.00,5813.07,0.00,0.00,3352.96,0.00,6283.50,4000.00,0.00,176.90,4800.00,0.00,0.00,4800.00,529.83,0.00,9600.00,0.00,3013.81,0.00,1200.00,0.00,994.43,0.00,198.28,0.00,0.00,2400.00,2640.00,0.00,0.00,3600.00,0.00,0.00,94.66,0.00,5.95,0.00,2395.11,0.00,0.00,0.00,6854.51,0.00,3000.00,0.00,0.00,2000.00,1000.00,0.00,0.00,0.00,0.00,42.91,0.00,0.00,0.00,0.00,0.00,111.83,0.00,46.22,0.00,0.00,0.00,0.00,0.00,0.00,0.00,914.93,0.00,0.00,0.00,0.00,0.00,0.00,0.00,0.00,0.00,0.00,0.00,0.00,0.00,0.00,0.00,0.00,0.00,0.00,0.00,116.36,0.00,58.25,0.00,0.00,0.00,0.00,0.00,71.81,0.00,48.27,0.00,0.00,0.00,0.00,0.00,124.49,0.00,116.17,0.00,0.00,0.00,0.00,0.00,239.96,0.00,0.00,0.00,0.00,0.00,0.00,0.00,0.00,0.00,0.00,0.00,0.00,70.33,0.00,0.00,0.00,0.00,0.00,0.00,0.00,79.26,0.00,0.00,0.00,0.00,0.00,0.00,406.60,0.00,153.34,0.00,0.00,0.00,0.00,0.00,795.85,0.00,269.13,0.00,0.00
2026-04-19 05:00:00,12000.00,12000.00,1708.24,0.00,4521.60,0.00,0.00,95.15,0.00,158.50,0.00,0.00,0.00,0.00,0.00,6000.00,2785.94,0.00,0.00,1746.41,3000.00,0.00,6178.94,0.00,6500.00,0.00,6500.00,0.00,0.00,6500.00,0.00,0.00,0.00,0.00,0.00,6500.00,0.00,0.00,0.00,6500.00,0.00,0.00,0.00,0.00,0.00,0.00,0.00,6500.00,0.00,0.00,0.00,0.00,0.00,0.00,0.00,0.00,6178.94,0.00,0.00,0.00,0.00,0.00,0.00,0.00,5872.54,6632.71,3000.00,6245.57,2473.99,1453.45,8000.00,8000.00,2473.99,8000.00,6632.71,0.00,10000.00,8000.00,2473.99,0.00,0.00,8000.00,0.00,4000.00,8000.00,0.00,1506.66,8000.00,8000.00,4924.62,0.00,8000.00,8000.00,10000.00,9000.00,10000.00,0.00,8000.00,8000.00,8000.00,0.00,1506.66,1453.45,97.12,8000.00,2473.99,2473.99,4363.05,3874.29,0.00,0.00,2877.63,0.00,0.00,5966.79,0.00,0.00,3843.37,0.00,6416.02,4000.00,0.00,396.98,4800.00,0.00,0.00,4800.00,493.25,0.00,9600.00,0.00,2781.46,0.00,1200.00,0.00,0.00,0.00,209.29,0.00,0.00,2400.00,2640.00,0.00,0.00,3600.00,0.00,0.00,131.60,0.00,0.00,0.00,2400.00,0.00,681.38,0.00,5900.37,0.00,3000.00,0.00,0.00,2000.00,1000.00,0.00,0.00,0.00,0.00,43.19,0.00,0.00,0.00,0.00,0.00,115.12,0.00,46.70,0.00,0.00,0.00,0.00,0.00,0.00,0.00,955.83,0.00,0.00,0.00,0.00,0.00,0.00,0.00,0.00,0.00,0.00,0.00,0.00,0.00,0.00,0.00,55.55,0.00,0.00,0.00,118.13,0.00,55.16,0.00,0.00,0.00,0.00,0.00,79.37,0.00,56.66,0.00,0.00,0.00,0.00,0.00,129.62,0.00,132.29,0.00,0.00,0.00,0.00,0.00,294.84,0.00,0.00,0.00,0.00,0.00,0.00,0.00,0.00,0.00,0.00,0.00,0.00,73.34,0.00,0.00,0.00,0.00,0.00,0.00,0.00,82.38,0.00,0.00,0.00,0.00,0.00,0.00,340.38,0.00,154.31,0.00,0.00,0.00,0.00,0.00,570.99,0.00,270.96,0.00,0.00
2026-04-19 06:00:00,12000.00,12000.00,2541.43,0.00,4721.56,0.00,0.00,69.71,0.00,87.75,0.00,0.00,0.00,0.00,0.00,6000.00,3292.89,0.00,0.00,5000.00,3000.00,0.00,6289.85,0.00,6500.00,0.00,6500.00,0.00,0.00,6500.00,0.00,0.00,0.00,0.00,0.00,3918.88,0.00,0.00,0.00,6500.00,0.00,0.00,0.00,0.00,0.00,0.00,0.00,6500.00,0.00,0.00,0.00,0.00,0.00,0.00,0.00,0.00,6289.85,0.00,0.00,0.00,0.00,0.00,0.00,0.00,5826.68,6584.46,3000.00,6233.50,2418.57,1475.02,8000.00,8000.00,2418.57,8000.00,6584.46,0.00,10000.00,8000.00,2418.57,0.00,0.00,8000.00,0.00,4000.00,8000.00,0.00,1530.29,8000.00,8000.00,4982.25,0.00,8000.00,8000.00,10000.00,9000.00,10000.00,0.00,8000.00,8000.00,8000.00,0.00,1530.29,1475.02,58.66,8000.00,2418.57,2418.57,4341.91,3859.29,0.00,0.00,2867.90,0.00,0.00,5614.15,0.00,0.00,3620.03,0.00,6386.74,4000.00,0.00,0.00,4800.00,0.00,0.00,4800.00,517.98,0.00,9600.00,0.00,3979.96,0.00,1200.00,0.00,0.00,0.00,115.83,0.00,0.00,2400.00,2640.00,0.00,0.00,3600.00,0.00,0.00,73.90,0.00,0.00,0.00,2374.71,0.00,1028.56,0.00,7174.24,0.00,3000.00,0.00,0.00,2000.00,1000.00,0.00,0.00,0.00,0.00,45.08,0.00,0.00,0.00,253.02,0.00,118.48,0.00,50.31,0.00,0.00,0.00,0.00,0.00,0.00,0.00,1320.06,0.00,0.00,0.00,367.87,0.00,0.00,0.00,0.00,0.00,41.17,0.00,197.71,0.00,0.00,0.00,54.94,0.00,0.00,0.00,123.69,0.00,53.09,0.00,0.00,0.00,0.00,0.00,45.48,0.00,39.98,0.00,0.00,0.00,0.00,0.00,104.36,0.00,188.00,0.00,0.00,0.00,0.00,0.00,441.02,0.00,0.00,0.00,0.00,0.00,0.00,0.00,0.00,0.00,0.00,0.00,0.00,76.21,0.00,0.00,0.00,0.00,0.00,0.00,0.00,86.76,0.00,0.00,0.00,0.00,0.00,0.00,408.08,0.00,214.85,0.00,0.00,0.00,0.00,0.00,555.09,0.00,285.76,0.00,0.00
2026-04-19 07:00:00,12000.00,12000.00,52.02,0.00,5843.86,0.00,60.54,0.00,0.00,0.00,167.27,0.00,170.94,0.00,0.00,6000.00,3539.19,0.00,0.00,0.00,3000.00,0.00,4794.44,0.00,6500.00,0.00,6500.00,0.00,0.00,6500.00,0.00,0.00,0.00,0.00,0.00,6500.00,0.00,0.00,0.00,6500.00,0.00,0.00,0.00,0.00,0.00,0.00,0.00,6500.00,0.00,0.00,0.00,0.00,0.00,0.00,0.00,0.00,4794.44,0.00,2489.83,0.00,0.00,0.00,0.00,0.00,6317.68,6383.72,3000.00,6400.00,2823.37,1831.95,7922.25,8000.00,2823.37,8000.00,6383.72,0.00,10000.00,8000.00,2823.37,0.00,0.00,8000.00,0.00,4000.00,8000.00,0.00,1916.56,7922.25,8000.00,4519.53,0.00,8000.00,8000.00,10000.00,9000.00,10000.00,0.00,8000.00,8000.00,8000.00,0.00,1916.56,1831.95,270.08,8000.00,2823.37,2823.37,4623.15,4082.95,0.00,0.00,3000.00,0.00,0.00,1993.10,0.00,0.00,10000.00,0.00,10000.00,4000.00,0.00,1187.87,4800.00,0.00,0.00,4800.00,61.27,0.00,9600.00,0.00,1085.65,0.00,1200.00,0.00,1148.90,0.00,0.00,0.00,0.00,2400.00,2640.00,0.00,0.00,3600.00,0.00,0.00,0.00,0.00,0.00,0.00,2400.00,0.00,1540.14,0.00,7165.33,0.00,3000.00,0.00,0.00,2000.00,1000.00,0.00,0.00,0.00,0.00,43.50,0.00,0.00,0.00,0.00,0.00,77.43,0.00,37.77,0.00,0.00,0.00,0.00,0.00,0.00,0.00,0.00,0.00,0.00,0.00,0.00,0.00,0.00,0.00,0.00,0.00,0.00,0.00,0.00,0.00,0.00,0.00,0.00,0.00,0.00,0.00,99.81,0.00,50.63,0.00,0.00,0.00,0.00,0.00,0.00,0.00,0.00,0.00,0.00,0.00,0.00,0.00,73.57,0.00,223.24,0.00,0.00,0.00,0.00,0.00,264.87,0.00,0.00,0.00,0.00,0.00,0.00,0.00,0.00,0.00,0.00,0.00,0.00,78.67,0.00,0.00,0.00,0.00,0.00,0.00,0.00,89.44,0.00,0.00,0.00,0.00,0.00,0.00,0.00,0.00,0.00,0.00,0.00,70.87,0.00,521.97,0.00,0.00,224.14,0.00,0.00
2026-04-19 08:00:00,12000.00,12000.00,0.00,5000.00,7855.91,0.00,122.95,0.00,0.00,0.00,952.41,0.00,2581.42,0.00,0.00,6000.00,4422.49,0.00,0.00,0.00,3000.00,0.00,325.57,0.00,6500.00,0.00,6500.00,0.00,0.00,6500.00,0.00,357.39,0.00,357.39,0.00,4073.34,217.95,0.00,0.00,6500.00,0.00,0.00,0.00,0.00,0.00,0.00,0.00,5469.85,0.00,0.00,0.00,0.00,0.00,0.00,0.00,0.00,325.57,0.00,281.40,0.00,0.00,0.00,0.00,0.00,7091.68,8000.00,3000.00,6400.00,3397.47,1679.02,7920.21,8000.00,3397.47,8000.00,8000.00,0.00,10000.00,8000.00,3397.47,0.00,0.00,8000.00,0.00,4000.00,8000.00,0.00,1747.69,7920.21,8000.00,1694.52,0.00,8000.00,8000.00,10000.00,9000.00,10000.00,0.00,8000.00,8000.00,8000.00,0.00,1747.69,1679.02,700.04,8000.00,3397.47,3397.47,5075.70,4445.25,0.00,0.00,3000.00,180.86,0.00,0.00,1277.00,0.00,10000.00,0.00,10000.00,4000.00,0.00,0.00,4800.00,0.00,0.00,4800.00,0.00,1000.00,9600.00,0.00,0.00,580.18,848.14,0.00,0.00,156.96,0.00,0.00,0.00,2400.00,2640.00,0.00,0.00,3600.00,192.29,0.00,0.00,0.00,1092.92,0.00,963.10,0.00,165.72,0.00,7200.00,0.00,3000.00,0.00,0.00,2000.00,1000.00,0.00,0.00,0.00,0.00,0.00,0.00,0.00,0.00,0.00,0.00,0.00,0.00,0.00,0.00,0.00,0.00,0.00,0.00,0.00,0.00,0.00,0.00,0.00,0.00,0.00,0.00,0.00,0.00,0.00,0.00,0.00,0.00,0.00,0.00,0.00,0.00,0.00,0.00,0.00,0.00,62.03,0.00,39.31,0.00,0.00,0.00,0.00,0.00,0.00,0.00,0.00,0.00,0.00,0.00,0.00,0.00,0.00,225.78,0.00,0.00,0.00,320.40,0.00,260.15,0.00,0.00,0.00,791.50,0.00,0.00,0.00,0.00,0.00,0.00,0.00,0.00,0.00,81.27,0.00,2046.38,0.00,0.00,0.00,0.00,0.00,95.23,0.00,0.00,0.00,0.00,0.00,291.84,0.00,168.86,0.00,774.01,0.00,120.08,0.00,4740.32,0.00,0.00,0.00,0.00,0.00
2026-04-19 09:00:00,12000.00,12000.00,0.00,5000.00,7541.51,0.00,403.89,0.00,0.00,0.00,3017.48,0.00,4067.16,0.00,0.00,6000.00,5000.00,0.00,0.00,0.00,3000.00,0.00,0.00,2098.55,6500.00,0.00,6500.00,0.00,0.00,6500.00,0.00,246.98,0.00,246.98,0.00,2220.51,450.05,0.00,0.00,6500.00,0.00,0.00,0.00,0.00,0.00,0.00,0.00,4220.33,0.00,0.00,0.00,0.00,0.00,0.00,0.00,0.00,0.00,2098.55,0.00,0.00,0.00,0.00,0.00,0.00,7826.08,8000.00,3000.00,6400.00,3820.26,853.98,7670.82,8000.00,3820.26,8000.00,8000.00,0.00,10000.00,8000.00,3820.26,0.00,0.00,8000.00,0.00,4000.00,8000.00,0.00,869.10,7670.82,8000.00,3631.71,0.00,8000.00,8000.00,10000.00,9000.00,10000.00,0.00,8000.00,8000.00,8000.00,0.00,869.10,853.98,1234.27,8000.00,3820.26,3820.26,5529.58,4810.50,0.00,0.00,3000.00,397.71,0.00,0.00,6061.71,0.00,10000.00,0.00,10000.00,4000.00,0.00,0.00,4800.00,0.00,0.00,4800.00,0.00,206.47,9600.00,0.00,0.00,690.57,446.66,0.00,0.00,647.16,0.00,0.00,0.00,2400.00,2640.00,0.00,0.00,3600.00,374.11,0.00,0.00,0.00,1610.33,0.00,1366.07,0.00,853.09,0.00,7200.00,0.00,3000.00,0.00,0.00,2000.00,1000.00,0.00,0.00,0.00,0.00,0.00,0.00,0.00,1158.11,0.00,0.00,0.00,0.00,0.00,0.00,0.00,0.00,0.00,0.00,0.00,2441.86,0.00,0.00,0.00,2367.76,0.00,0.00,0.00,0.00,0.00,0.00,0.00,570.16,0.00,0.00,0.00,986.61,0.00,0.00,0.00,0.00,93.88,0.00,52.16,0.00,0.00,0.00,0.00,0.00,0.00,0.00,0.00,0.00,0.00,0.00,0.00,0.00,0.00,887.97,0.00,0.00,0.00,2892.32,0.00,1895.66,0.00,0.00,0.00,1824.26,0.00,0.00,0.00,0.00,0.00,0.00,0.00,0.00,0.00,85.23,0.00,2828.40,0.00,0.00,0.00,0.00,0.00,101.31,0.00,0.00,0.00,0.00,0.00,1715.33,0.00,467.00,0.00,3043.98,0.00,147.87,0.00,7566.88,0.00,0.00,0.00,0.00,0.00
2026-04-19 10:00:00,12000.00,12000.00,0.00,5000.00,7600.06,0.00,407.29,0.00,0.00,0.00,3790.78,0.00,4896.11,0.00,0.00,6000.00,4777.23,0.00,0.00,1050.21,3000.00,0.00,0.00,2099.33,6321.99,0.00,6500.00,0.00,0.00,6500.00,0.00,1147.71,0.00,1147.71,0.00,327.81,558.94,0.00,0.00,6021.36,0.00,0.00,0.00,0.00,0.00,0.00,0.00,4163.42,0.00,0.00,0.00,0.00,0.00,0.00,0.00,0.00,0.00,2099.33,0.00,0.00,0.00,0.00,0.00,0.00,7996.21,8000.00,3000.00,6400.00,3901.95,257.36,6778.38,8000.00,3901.95,8000.00,8000.00,0.00,10000.00,8000.00,3901.95,0.00,0.00,8000.00,0.00,4000.00,8000.00,0.00,259.60,6778.38,8000.00,5044.16,0.00,8000.00,8000.00,10000.00,9000.00,10000.00,0.00,8000.00,8000.00,8000.00,0.00,259.60,257.36,1539.48,8000.00,3901.95,3901.95,5642.00,4903.41,0.00,0.00,3000.00,633.27,0.00,0.00,7707.26,0.00,10000.00,0.00,10000.00,4000.00,0.00,171.05,4800.00,0.00,0.00,4346.90,0.00,1000.00,9600.00,0.00,0.00,199.93,349.46,0.00,0.00,0.00,0.00,0.00,0.00,2400.00,2640.00,0.00,0.00,3600.00,461.79,0.00,0.00,0.00,0.00,0.00,2400.00,0.00,22.34,0.00,6988.71,0.00,3000.00,0.00,0.00,2000.00,1000.00,0.00,0.00,0.00,0.00,0.00,0.00,0.00,0.00,0.00,0.00,0.00,0.00,0.00,0.00,0.00,0.00,0.00,0.00,0.00,4355.14,0.00,0.00,0.00,0.00,0.00,0.00,0.00,0.00,0.00,0.00,0.00,0.00,0.00,0.00,0.00,0.00,0.00,0.00,0.00,0.00,103.21,0.00,55.98,0.00,0.00,0.00,0.00,0.00,0.00,0.00,0.00,0.00,0.00,0.00,0.00,0.00,0.00,190.26,0.00,0.00,0.00,1799.48,0.00,1037.05,0.00,0.00,0.00,1392.96,0.00,0.00,0.00,0.00,0.00,0.00,0.00,0.00,0.00,90.57,0.00,535.80,0.00,0.00,0.00,0.00,0.00,107.21,0.00,0.00,0.00,0.00,0.00,2241.99,0.00,454.64,0.00,2383.47,0.00,164.52,0.00,6162.15,0.00,0.00,0.00,0.00,0.00
2026-04-19 11:00:00,12000.00,12000.00,0.00,5000.00,8000.00,0.00,0.00,0.00,1515.77,0.00,3955.78,0.00,5694.69,0.00,0.00,6000.00,2095.84,0.00,0.00,753.94,3000.00,0.00,0.00,2356.48,5379.33,0.00,6500.00,0.00,0.00,6500.00,0.00,1533.50,0.00,1533.50,0.00,0.00,919.23,0.00,0.00,5838.84,0.00,0.00,0.00,0.00,0.00,0.00,0.00,5134.08,0.00,0.00,0.00,0.00,0.00,0.00,0.00,0.00,0.00,2356.48,0.00,0.00,0.00,0.00,0.00,0.00,8238.36,8000.00,3000.00,6178.51,4004.48,0.00,5109.83,8000.00,4004.48,8000.00,8000.00,0.00,10000.00,8000.00,4004.48,0.00,0.00,8000.00,0.00,4000.00,8000.00,0.00,0.00,5109.83,8000.00,6904.29,0.00,8000.00,8000.00,10000.00,9000.00,10000.00,0.00,8000.00,8000.00,8000.00,0.00,0.00,0.00,1843.83,8000.00,4004.48,4004.48,5804.28,5037.72,0.00,0.00,2820.69,852.90,0.00,0.00,8457.20,0.00,10000.00,0.00,10000.00,4000.00,0.00,1777.72,4800.00,0.00,0.00,4177.99,0.00,1000.00,9600.00,0.00,1523.84,0.00,231.83,0.00,0.00,891.88,0.00,0.00,0.00,2400.00,2640.00,0.00,0.00,3600.00,736.80,0.00,191.08,0.00,0.00,0.00,2400.00,0.00,1853.65,0.00,5819.54,0.00,3000.00,0.00,0.00,2000.00,1000.00,0.00,0.00,0.00,0.00,0.00,0.00,0.00,0.00,0.00,0.00,0.00,0.00,0.00,0.00,0.00,0.00,0.00,0.00,0.00,5324.89,0.00,0.00,0.00,0.00,0.00,0.00,0.00,0.00,0.00,0.00,0.00,0.00,0.00,0.00,0.00,0.00,0.00,0.00,0.00,0.00,101.58,0.00,55.83,0.00,0.00,0.00,0.00,0.00,0.00,0.00,0.00,0.00,0.00,0.00,0.00,0.00,0.00,117.04,0.00,0.00,0.00,473.44,0.00,400.04,0.00,0.00,0.00,514.08,0.00,0.00,0.00,0.00,0.00,0.00,0.00,0.00,0.00,97.02,0.00,0.00,0.00,0.00,0.00,0.00,0.00,114.16,0.00,0.00,0.00,0.00,0.00,1975.34,0.00,432.08,0.00,1135.74,0.00,184.94,0.00,5361.88,0.00,0.00,0.00,0.00,0.00
2026-04-19 12:00:00,12000.00,12000.00,0.00,5000.00,7284.72,0.00,887.62,0.00,0.00,0.00,5242.01,0.00,4325.98,0.00,0.00,6000.00,3747.14,0.00,0.00,1409.01,3000.00,0.00,0.00,2156.47,5711.67,0.00,6500.00,0.00,0.00,6500.00,0.00,2739.37,0.00,2739.37,0.00,0.00,0.00,341.29,0.00,6149.12,0.00,0.00,0.00,0.00,0.00,0.00,0.00,2424.45,0.00,0.00,0.00,0.00,0.00,0.00,0.00,0.00,0.00,2156.47,0.00,0.00,0.00,0.00,0.00,0.00,9127.08,8000.00,3000.00,6400.00,4307.38,480.73,4637.56,8000.00,4307.38,8000.00,8000.00,0.00,10000.00,8000.00,4307.38,0.00,0.00,8000.00,0.00,4000.00,8000.00,0.00,484.06,4637.56,8000.00,6287.59,0.00,8000.00,8000.00,10000.00,9000.00,10000.00,0.00,8000.00,8000.00,8000.00,0.00,484.06,480.73,2141.78,8000.00,4307.38,4307.38,6462.56,5607.81,0.00,0.00,3000.00,1368.14,0.00,0.00,9246.19,0.00,10000.00,0.00,10000.00,4000.00,0.00,968.22,4800.00,0.00,0.00,4465.53,0.00,1000.00,9600.00,0.00,465.83,0.00,0.00,276.03,0.00,1409.50,0.00,0.00,0.00,2400.00,2640.00,0.00,0.00,3600.00,0.00,314.01,0.00,0.00,0.00,0.00,2400.00,0.00,987.36,0.00,4589.85,0.00,3000.00,0.00,0.00,2000.00,1000.00,0.00,0.00,0.00,0.00,0.00,0.00,0.00,0.00,0.00,0.00,0.00,0.00,0.00,0.00,0.00,0.00,0.00,0.00,0.00,8474.50,0.00,0.00,0.00,0.00,0.00,0.00,0.00,0.00,0.00,0.00,0.00,0.00,0.00,0.00,0.00,0.00,0.00,0.00,0.00,0.00,96.58,0.00,54.52,0.00,0.00,0.00,0.00,0.00,0.00,0.00,0.00,0.00,0.00,0.00,0.00,0.00,0.00,1000.00,0.00,0.00,0.00,1777.51,0.00,1249.20,0.00,0.00,0.00,1577.13,0.00,0.00,0.00,0.00,0.00,0.00,0.00,0.00,0.00,594.32,0.00,112.79,0.00,100.00,0.00,519.36,0.00,794.56,0.00,0.00,0.00,0.00,0.00,2972.05,0.00,627.97,0.00,2925.41,0.00,224.37,0.00,6352.32,0.00,0.00,0.00,0.00,0.00
2026-04-19 13:00:00,12000.00,12000.00,0.00,2467.38,8000.00,0.00,0.00,0.00,35.19,0.00,3548.62,0.00,5961.51,0.00,0.00,6000.00,1645.38,0.00,0.00,0.00,3000.00,0.00,0.00,3089.40,6500.00,0.00,6500.00,0.00,0.00,6500.00,0.00,1297.11,0.00,1297.11,0.00,1099.65,519.95,0.00,0.00,5720.63,0.00,0.00,0.00,0.00,0.00,0.00,0.00,5212.90,0.00,0.00,0.00,0.00,0.00,0.00,0.00,0.00,0.00,3089.40,0.00,0.00,0.00,0.00,0.00,0.00,8742.09,8000.00,3000.00,6337.35,4189.24,0.00,3865.95,8000.00,4189.24,8000.00,8000.00,0.00,10000.00,8000.00,4189.24,0.00,0.00,8000.00,0.00,4000.00,8000.00,0.00,0.00,3865.95,8000.00,6599.63,0.00,8000.00,8000.00,10000.00,9000.00,10000.00,0.00,8000.00,8000.00,8000.00,0.00,0.00,0.00,2005.97,8000.00,4189.24,4189.24,6160.06,5340.55,0.00,0.00,2949.14,1264.80,0.00,0.00,7281.41,0.00,10000.00,0.00,10000.00,4000.00,0.00,2152.84,4800.00,0.00,0.00,4072.54,0.00,0.00,9600.00,0.00,3709.70,0.00,256.40,0.00,0.00,1332.97,0.00,0.00,0.00,2400.00,2640.00,0.00,0.00,3600.00,452.42,0.00,45.85,0.00,190.02,0.00,2400.00,0.00,3386.06,0.00,7200.00,0.00,3000.00,0.00,0.00,2000.00,1000.00,0.00,0.00,0.00,0.00,33.95,0.00,0.00,0.00,0.00,0.00,0.00,0.00,0.00,0.00,0.00,0.00,0.00,0.00,0.00,2696.59,0.00,0.00,0.00,0.00,0.00,0.00,0.00,0.00,0.00,0.00,0.00,0.00,0.00,0.00,0.00,0.00,0.00,0.00,0.00,0.00,100.34,0.00,56.85,0.00,0.00,0.00,0.00,0.00,0.00,0.00,0.00,0.00,0.00,0.00,0.00,0.00,0.00,0.00,0.00,0.00,0.00,0.00,0.00,0.00,0.00,0.00,0.00,340.07,0.00,0.00,0.00,0.00,0.00,0.00,0.00,0.00,0.00,135.10,0.00,0.00,0.00,0.00,0.00,0.00,0.00,154.80,0.00,0.00,0.00,0.00,0.00,487.66,0.00,270.51,0.00,462.66,0.00,294.34,0.00,4082.70,0.00,0.00,128.91,0.00,0.00
2026-04-19 14:00:00,12000.00,12000.00,2194.75,0.00,8000.00,0.00,0.00,0.00,1688.45,0.00,769.95,0.00,8000.00,0.00,0.00,6000.00,2468.81,0.00,0.00,3830.18,3000.00,0.00,0.00,655.92,6500.00,0.00,6500.00,0.00,0.00,6500.00,0.00,0.00,0.00,0.00,0.00,0.00,493.18,0.00,0.00,5212.94,0.00,0.00,0.00,0.00,0.00,0.00,0.00,6500.00,0.00,0.00,0.00,0.00,0.00,0.00,0.00,0.00,0.00,655.92,0.00,0.00,0.00,0.00,0.00,0.00,7701.73,8000.00,3000.00,5068.61,3759.70,0.00,4921.13,8000.00,3759.70,8000.00,8000.00,0.00,10000.00,8000.00,3759.70,0.00,0.00,8000.00,0.00,3840.28,8000.00,0.00,0.00,4921.13,8000.00,7446.15,0.00,8000.00,8000.00,10000.00,9000.00,10000.00,0.00,8000.00,8000.00,8000.00,0.00,0.00,0.00,1607.55,8000.00,3759.70,3759.70,5453.95,4749.14,0.00,0.00,2069.03,474.67,0.00,0.00,4584.72,0.00,10000.00,0.00,10000.00,4000.00,0.00,0.00,4800.00,0.00,0.00,3644.17,591.42,0.00,9428.27,0.00,7200.00,0.00,1073.71,0.00,0.00,0.00,0.00,0.00,0.00,2400.00,2640.00,0.00,0.00,3600.00,448.18,0.00,3600.00,0.00,0.00,0.00,2277.17,0.00,1397.60,0.00,7024.50,0.00,3000.00,0.00,0.00,2000.00,1000.00,0.00,0.00,0.00,0.00,38.89,0.00,0.00,0.00,0.00,0.00,95.78,0.00,46.59,0.00,0.00,0.00,0.00,0.00,0.00,917.54,0.00,0.00,0.00,0.00,0.00,0.00,0.00,0.00,0.00,0.00,160.85,0.00,72.12,0.00,0.00,0.00,0.00,0.00,0.00,0.00,98.60,0.00,55.74,0.00,0.00,0.00,0.00,0.00,0.00,0.00,0.00,0.00,0.00,0.00,0.00,0.00,87.83,0.00,245.63,0.00,0.00,0.00,0.00,0.00,0.00,0.00,0.00,0.00,0.00,0.00,0.00,0.00,0.00,0.00,0.00,0.00,0.00,167.58,0.00,0.00,0.00,0.00,0.00,0.00,0.00,194.43,0.00,0.00,0.00,0.00,0.00,0.00,0.00,0.00,0.00,0.00,0.00,507.05,0.00,1472.32,0.00,0.00,223.96,0.00,0.00
2026-04-19 15:00:00,12000.00,12000.00,4773.48,0.00,8000.00,0.00,0.00,0.00,2948.52,0.00,0.00,0.00,8000.00,0.00,0.00,6000.00,3102.40,0.00,0.00,5000.00,3000.00,0.00,1731.16,0.00,6500.00,0.00,6500.00,0.00,0.00,6423.90,0.00,0.00,0.00,0.00,0.00,1207.83,0.00,0.00,0.00,6500.00,0.00,0.00,0.00,0.00,0.00,0.00,0.00,6500.00,0.00,0.00,0.00,0.00,0.00,0.00,0.00,0.00,1731.16,0.00,0.00,0.00,0.00,0.00,0.00,0.00,6771.05,8000.00,3000.00,5239.40,3123.25,0.00,7317.74,8000.00,3123.25,8000.00,8000.00,0.00,10000.00,8000.00,3123.25,0.00,0.00,8000.00,0.00,2956.11,8000.00,0.00,0.00,7317.74,8000.00,8000.00,0.00,8000.00,8000.00,10000.00,9000.00,10000.00,0.00,8000.00,8000.00,8000.00,0.00,0.00,0.00,1152.53,8000.00,3123.25,3123.25,4901.06,4306.74,0.00,0.00,2156.25,0.00,0.00,0.00,1634.66,0.00,10000.00,0.00,10000.00,4000.00,0.00,0.00,4800.00,0.00,0.00,4800.00,860.35,0.00,8203.93,0.00,7200.00,0.00,1200.00,0.00,0.00,0.00,0.00,0.00,0.00,2400.00,2640.00,0.00,0.00,3530.21,0.00,0.00,3600.00,0.00,0.00,0.00,2066.92,0.00,805.50,0.00,4990.27,0.00,3000.00,0.00,0.00,1975.12,1000.00,0.00,0.00,0.00,0.00,40.04,0.00,0.00,0.00,0.00,0.00,104.10,0.00,47.77,0.00,0.00,0.00,0.00,0.00,0.00,0.00,0.00,0.00,0.00,0.00,0.00,0.00,0.00,0.00,0.00,0.00,242.27,0.00,71.89,0.00,0.00,0.00,0.00,0.00,0.00,0.00,94.20,0.00,51.96,0.00,0.00,0.00,0.00,0.00,203.76,0.00,84.11,0.00,0.00,0.00,0.00,0.00,92.67,0.00,127.47,0.00,0.00,0.00,0.00,0.00,312.52,0.00,44.49,0.00,127.93,0.00,24.75,0.00,24.32,0.00,0.00,0.00,0.00,378.73,0.00,0.00,0.00,0.00,0.00,0.00,0.00,414.71,0.00,0.00,0.00,0.00,0.00,0.00,0.00,0.00,0.00,0.00,0.00,51.67,0.00,55.25,0.00,0.00,237.77,0.00,0.00
2026-04-19 16:00:00,12000.00,12000.00,5000.00,0.00,8000.00,0.00,0.00,0.00,0.00,0.00,0.00,0.00,8000.00,0.00,0.00,6000.00,3839.74,0.00,0.00,5000.00,3000.00,0.00,4230.08,0.00,6500.00,0.00,6500.00,0.00,0.00,5333.62,0.00,0.00,0.00,0.00,0.00,2292.84,0.00,0.00,0.00,6500.00,0.00,0.00,0.00,0.00,0.00,0.00,0.00,6500.00,0.00,0.00,0.00,0.00,0.00,0.00,0.00,0.00,4230.08,0.00,0.00,17.04,0.00,0.00,0.00,0.00,5967.42,8000.00,3000.00,5126.09,2357.54,0.00,7060.31,8000.00,2357.54,8000.00,8000.00,0.00,10000.00,8000.00,2357.54,0.00,0.00,8000.00,0.00,4000.00,8000.00,0.00,0.00,7060.31,8000.00,8000.00,0.00,8000.00,8000.00,10000.00,9000.00,10000.00,0.00,8000.00,8000.00,8000.00,0.00,0.00,0.00,678.77,8000.00,2357.54,2357.54,4466.59,3966.86,0.00,0.00,2084.45,427.02,0.00,820.81,0.00,0.00,1458.80,0.00,3825.84,3490.77,0.00,655.76,4800.00,0.00,0.00,4800.00,1000.00,0.00,9600.00,0.00,7200.00,0.00,272.37,0.00,0.00,0.00,0.00,0.00,0.00,2400.00,2640.00,0.00,0.00,2715.95,0.00,0.00,3600.00,0.00,21.57,0.00,2382.55,0.00,0.00,0.00,1786.92,0.00,3000.00,0.00,0.00,2000.00,1000.00,0.00,0.00,0.00,0.00,40.77,0.00,56.89,0.00,29.38,0.00,103.91,0.00,47.82,0.00,0.00,0.00,0.00,0.00,0.00,0.00,0.00,0.00,49.66,0.00,41.92,0.00,15.21,0.00,31.23,0.00,185.42,0.00,60.07,0.00,353.12,0.00,146.29,0.00,0.00,0.00,95.84,0.00,51.68,0.00,0.00,0.00,0.00,0.00,261.80,0.00,89.04,0.00,0.00,0.00,0.00,0.00,96.19,0.00,102.61,0.00,474.03,0.00,472.55,0.00,168.45,0.00,100.65,0.00,206.71,0.00,24.98,0.00,24.80,0.00,49.51,0.00,0.00,0.00,0.00,0.00,65.69,0.00,0.00,0.00,0.00,0.00,0.00,0.00,0.00,0.00,0.00,0.00,0.00,0.00,0.00,0.00,0.00,0.00,0.00,0.00,0.00,0.00,240.47,0.00,0.00
2026-04-19 17:00:00,12000.00,12000.00,4578.29,0.00,8000.00,0.00,0.00,0.00,0.00,0.00,0.00,0.00,8000.00,0.00,0.00,5837.60,4417.29,0.00,0.00,5000.00,3000.00,0.00,0.00,1741.91,6500.00,0.00,6500.00,0.00,0.00,3729.26,0.00,0.00,0.00,0.00,0.00,6103.78,0.00,0.00,0.00,6500.00,0.00,0.00,0.00,0.00,0.00,0.00,0.00,6500.00,0.00,0.00,0.00,0.00,0.00,0.00,0.00,0.00,0.00,1741.91,0.00,246.89,0.00,0.00,0.00,0.00,4864.80,8000.00,3000.00,3987.23,1537.73,0.00,7601.20,8000.00,1537.73,8000.00,8000.00,0.00,10000.00,8000.00,1537.73,0.00,0.00,8000.00,0.00,4000.00,8000.00,0.00,0.00,7601.20,0.00,6689.22,0.00,8000.00,8000.00,10000.00,9000.00,10000.00,0.00,8000.00,8000.00,8000.00,0.00,0.00,0.00,133.08,8000.00,1537.73,1537.73,3911.14,3528.88,0.00,0.00,1637.95,0.00,0.00,5325.42,0.00,8015.04,0.00,3770.13,0.00,0.00,0.00,1899.17,4800.00,0.00,0.00,4800.00,1000.00,0.00,9600.00,0.00,7200.00,0.00,0.00,0.00,0.00,0.00,0.00,0.00,0.00,2400.00,0.00,0.00,0.00,1912.68,0.00,0.00,3600.00,0.00,186.56,0.00,2236.13,0.00,0.00,0.00,1912.53,0.00,3000.00,0.00,0.00,2000.00,1000.00,0.00,0.00,0.00,0.00,42.12,0.00,509.06,0.00,146.10,0.00,189.96,0.00,69.46,0.00,333.47,0.00,373.53,0.00,178.93,0.00,402.03,0.00,778.69,0.00,1150.08,0.00,822.01,0.00,255.56,0.00,1210.10,0.00,75.40,0.00,718.03,0.00,130.20,0.00,0.00,0.00,115.04,0.00,56.98,0.00,0.00,0.00,0.00,0.00,343.68,0.00,94.97,0.00,0.00,0.00,0.00,0.00,97.41,0.00,88.84,0.00,1712.69,0.00,613.87,0.00,127.54,0.00,119.00,0.00,162.44,0.00,836.79,0.00,483.25,0.00,668.24,0.00,2400.00,0.00,532.20,0.00,32.43,0.00,26.38,0.00,63.05,0.00,592.44,0.00,147.13,0.00,175.87,0.00,0.00,0.00,0.00,0.00,332.47,0.00,0.00,0.00,0.00,0.00,250.43,0.00,0.00
2026-04-19 18:00:00,12000.00,12000.00,1551.44,0.00,8000.00,0.00,0.00,0.00,0.00,0.00,0.00,0.00,8000.00,0.00,0.00,4998.46,4933.50,0.00,0.00,5000.00,3000.00,0.00,0.00,1132.00,6500.00,0.00,6500.00,0.00,0.00,820.79,0.00,0.00,0.00,0.00,0.00,6390.77,0.00,0.00,0.00,6500.00,0.00,0.00,0.00,0.00,0.00,0.00,0.00,6500.00,0.00,0.00,0.00,0.00,0.00,0.00,0.00,0.00,0.00,1132.00,0.00,849.49,0.00,0.00,0.00,0.00,4523.80,7653.47,3000.00,4057.66,1343.96,0.00,7748.20,6999.46,1343.96,8000.00,7653.47,0.00,10000.00,8000.00,1343.96,0.00,0.00,5633.35,0.00,4000.00,8000.00,0.00,0.00,7748.20,0.00,3389.94,0.00,8000.00,8000.00,10000.00,9000.00,10000.00,0.00,8000.00,8000.00,8000.00,0.00,0.00,0.00,0.00,6999.46,1343.96,1343.96,3707.23,3403.21,0.00,0.00,1660.56,0.00,0.00,6464.25,0.00,10000.00,0.00,2971.54,0.00,0.00,0.00,2067.62,4800.00,0.00,0.00,4800.00,1000.00,0.00,9600.00,0.00,7200.00,0.00,0.00,0.00,0.00,0.00,370.79,0.00,0.00,2400.00,0.00,0.00,0.00,728.96,0.00,0.00,3600.00,0.00,174.32,0.00,2258.11,0.00,0.00,0.00,2447.42,0.00,3000.00,0.00,0.00,2000.00,1000.00,0.00,0.00,0.00,0.00,519.34,0.00,2208.56,0.00,833.82,0.00,4445.93,0.00,139.36,0.00,1601.31,0.00,453.97,0.00,2941.05,0.00,2649.04,0.00,671.99,0.00,971.75,0.00,1435.52,0.00,136.99,0.00,1786.80,0.00,74.97,0.00,820.99,0.00,101.41,0.00,0.00,0.00,3727.03,0.00,849.54,0.00,0.00,0.00,0.00,0.00,365.62,0.00,98.82,0.00,0.00,0.00,0.00,0.00,101.26,0.00,82.38,0.00,1867.61,0.00,499.28,0.00,115.75,0.00,145.39,0.00,157.90,0.00,318.84,0.00,149.19,0.00,222.74,0.00,2400.00,0.00,2034.58,0.00,293.93,0.00,22.62,0.00,1146.29,0.00,3019.43,0.00,988.31,0.00,289.72,0.00,1344.74,0.00,377.25,0.00,222.74,0.00,1755.71,0.00,3431.52,0.00,274.53,0.00,0.00
2026-04-19 19:00:00,12000.00,12000.00,1125.72,0.00,8000.00,0.00,0.00,0.00,0.00,0.00,0.00,0.00,8000.00,0.00,0.00,4592.31,4934.96,0.00,0.00,5000.00,3000.00,0.00,0.00,976.21,6500.00,0.00,6500.00,0.00,0.00,460.85,0.00,0.00,0.00,0.00,0.00,6404.66,0.00,0.00,0.00,6500.00,0.00,0.00,0.00,0.00,0.00,0.00,0.00,6500.00,0.00,0.00,0.00,0.00,0.00,0.00,0.00,0.00,0.00,976.21,0.00,964.60,0.00,0.00,0.00,0.00,4741.31,7867.30,3000.00,4616.52,1500.52,0.00,7907.00,6715.28,1500.52,8000.00,7867.30,0.00,10000.00,8000.00,1500.52,0.00,0.00,4995.09,0.00,4000.00,8000.00,0.00,0.00,7907.00,0.00,4028.97,0.00,8000.00,8000.00,10000.00,9000.00,10000.00,0.00,8000.00,8000.00,8000.00,0.00,0.00,0.00,0.00,6715.28,1500.52,1500.52,3842.76,3511.52,0.00,0.00,1852.88,0.00,0.00,6255.39,0.00,10000.00,0.00,2970.44,0.00,0.00,0.00,2017.67,4800.00,0.00,0.00,4800.00,1000.00,0.00,9600.00,0.00,7200.00,0.00,0.00,0.00,0.00,0.00,454.63,0.00,0.00,2400.00,0.00,0.00,0.00,1034.48,0.00,0.00,3600.00,0.00,172.27,0.00,2256.87,0.00,0.00,0.00,3069.23,0.00,3000.00,0.00,0.00,2000.00,1000.00,0.00,0.00,0.00,0.00,459.47,0.00,2202.93,0.00,731.44,0.00,4638.04,0.00,332.77,0.00,1683.53,0.00,338.71,0.00,3289.72,0.00,2041.96,0.00,526.79,0.00,640.70,0.00,1166.93,0.00,109.35,0.00,1744.08,0.00,64.83,0.00,781.05,0.00,82.42,0.00,0.00,0.00,3726.70,0.00,3508.86,0.00,0.00,0.00,0.00,0.00,369.11,0.00,98.40,0.00,0.00,0.00,0.00,0.00,212.57,0.00,134.69,0.00,1666.41,0.00,413.59,0.00,374.90,0.00,872.49,0.00,629.00,0.00,80.90,0.00,60.12,0.00,67.45,0.00,2400.00,0.00,2318.81,0.00,604.01,0.00,20.94,0.00,1316.64,0.00,3737.54,0.00,923.50,0.00,183.76,0.00,784.11,0.00,195.20,0.00,1120.40,0.00,1578.55,0.00,2536.78,0.00,268.12,0.00,0.00
2026-04-19 20:00:00,12000.00,12000.00,1397.56,0.00,8000.00,0.00,0.00,0.00,0.00,0.00,0.00,0.00,8000.00,0.00,0.00,4311.67,4923.10,0.00,0.00,5000.00,3000.00,0.00,0.00,1135.03,6500.00,0.00,6500.00,0.00,0.00,1106.55,0.00,0.00,0.00,0.00,0.00,6404.80,0.00,0.00,0.00,6500.00,0.00,0.00,0.00,0.00,0.00,0.00,0.00,6500.00,0.00,0.00,0.00,0.00,0.00,0.00,0.00,0.00,0.00,1135.03,0.00,1256.04,0.00,0.00,0.00,0.00,4627.41,7878.19,3000.00,3536.10,1415.78,0.00,7024.02,6627.65,1415.78,8000.00,7878.19,0.00,10000.00,8000.00,1415.78,0.00,0.00,4684.39,0.00,4000.00,8000.00,0.00,0.00,7024.02,0.00,5812.66,0.00,8000.00,8000.00,10000.00,9000.00,10000.00,0.00,8000.00,8000.00,8000.00,0.00,0.00,0.00,0.00,6627.65,1415.78,1415.78,3767.12,3449.42,0.00,0.00,1526.22,0.00,0.00,6156.87,0.00,10000.00,0.00,2868.56,0.00,0.00,0.00,1639.16,4800.00,0.00,0.00,4800.00,1000.00,0.00,9600.00,0.00,7200.00,0.00,0.00,0.00,0.00,0.00,575.84,0.00,0.00,2400.00,0.00,0.00,0.00,1930.29,0.00,0.00,3600.00,0.00,196.09,0.00,2233.98,0.00,0.00,0.00,2734.91,0.00,3000.00,0.00,0.00,2000.00,1000.00,0.00,0.00,0.00,0.00,123.20,0.00,2183.43,0.00,256.75,0.00,4554.46,0.00,140.18,0.00,1521.70,0.00,269.92,0.00,3163.98,0.00,1639.41,0.00,401.51,0.00,488.24,0.00,852.37,0.00,93.84,0.00,872.86,0.00,54.38,0.00,460.12,0.00,62.60,0.00,0.00,0.00,3727.63,0.00,3254.17,0.00,0.00,0.00,0.00,0.00,368.51,0.00,97.48,0.00,0.00,0.00,0.00,0.00,625.02,0.00,247.71,0.00,1528.94,0.00,366.22,0.00,1026.56,0.00,1089.96,0.00,1505.80,0.00,783.92,0.00,266.82,0.00,507.68,0.00,2400.00,0.00,2184.31,0.00,381.60,0.00,20.97,0.00,1114.50,0.00,3527.20,0.00,886.79,0.00,154.75,0.00,637.89,0.00,159.39,0.00,2880.13,0.00,1478.52,0.00,2233.69,0.00,259.06,0.00,0.00
2026-04-19 21:00:00,12000.00,12000.00,1333.93,0.00,8000.00,0.00,0.00,0.00,0.00,0.00,0.00,0.00,8000.00,0.00,0.00,4289.50,4411.01,0.00,0.00,5000.00,3000.00,0.00,0.00,914.10,6500.00,0.00,6500.00,0.00,0.00,1057.10,0.00,0.00,0.00,0.00,0.00,6395.98,0.00,0.00,0.00,6500.00,0.00,0.00,0.00,0.00,0.00,0.00,0.00,6500.00,0.00,0.00,0.00,0.00,0.00,0.00,0.00,0.00,0.00,914.10,0.00,1492.36,0.00,0.00,0.00,0.00,4592.47,7870.54,3000.00,2971.34,1388.63,0.00,7161.97,6244.26,1388.63,8000.00,7870.54,0.00,10000.00,8000.00,1388.63,0.00,0.00,4004.92,0.00,4000.00,8000.00,0.00,0.00,7161.97,0.00,5222.89,0.00,8000.00,8000.00,10000.00,9000.00,10000.00,0.00,8000.00,8000.00,8000.00,0.00,0.00,0.00,0.00,6244.26,1388.63,1388.63,3745.53,3443.42,0.00,0.00,1394.82,0.00,0.00,5763.49,0.00,10000.00,0.00,2760.62,0.00,0.00,0.00,1586.46,4800.00,0.00,0.00,4800.00,1000.00,0.00,9600.00,0.00,7200.00,0.00,0.00,0.00,0.00,0.00,596.04,0.00,0.00,2400.00,0.00,0.00,0.00,2094.38,0.00,0.00,3600.00,0.00,241.40,0.00,2193.37,0.00,0.00,0.00,3785.53,0.00,3000.00,0.00,0.00,2000.00,1000.00,0.00,0.00,0.00,0.00,42.09,0.00,2209.72,0.00,617.94,0.00,4581.35,0.00,148.52,0.00,1582.15,0.00,250.22,0.00,3397.27,0.00,1744.03,0.00,630.88,0.00,1072.75,0.00,2020.01,0.00,104.14,0.00,520.64,0.00,47.50,0.00,291.45,0.00,54.21,0.00,0.00,0.00,3722.96,0.00,3005.00,0.00,0.00,0.00,0.00,0.00,366.21,0.00,96.86,0.00,0.00,0.00,0.00,0.00,583.83,0.00,217.00,0.00,1590.34,0.00,359.31,0.00,897.49,0.00,1064.01,0.00,1242.93,0.00,825.19,0.00,332.30,0.00,454.81,0.00,2400.00,0.00,1887.59,0.00,1484.53,0.00,22.46,0.00,558.49,0.00,2647.34,0.00,852.16,0.00,138.66,0.00,642.88,0.00,142.79,0.00,2669.58,0.00,1499.81,0.00,3066.15,0.00,266.17,0.00,0.00
2026-04-19 22:00:00,12000.00,12000.00,1666.69,0.00,8000.00,0.00,0.00,759.40,0.00,0.00,0.00,0.00,8000.00,0.00,0.00,4261.24,3508.68,0.00,0.00,5000.00,3000.00,0.00,0.00,746.67,6500.00,0.00,6500.00,0.00,0.00,270.98,0.00,0.00,0.00,0.00,0.00,6416.32,0.00,0.00,0.00,6500.00,0.00,0.00,0.00,0.00,0.00,0.00,0.00,6500.00,0.00,0.00,0.00,0.00,0.00,0.00,0.00,0.00,0.00,746.67,0.00,1865.09,0.00,0.00,0.00,0.00,4317.57,7856.00,3000.00,3847.39,1234.50,0.00,8000.00,5639.18,1234.50,8000.00,7856.00,0.00,10000.00,8000.00,1234.50,0.00,0.00,3334.22,0.00,4000.00,8000.00,0.00,0.00,8000.00,0.00,3340.16,0.00,8000.00,8000.00,10000.00,9000.00,10000.00,0.00,8000.00,8000.00,8000.00,0.00,0.00,0.00,69.37,5639.18,1234.50,1234.50,3571.03,3263.69,0.00,0.00,1601.96,0.00,0.00,5298.41,0.00,10000.00,0.00,2591.07,0.00,0.00,0.00,1529.59,4800.00,0.00,0.00,4800.00,1000.00,0.00,9600.00,0.00,7200.00,0.00,0.00,0.00,0.00,0.00,544.90,0.00,0.00,2400.00,0.00,0.00,0.00,1127.84,0.00,0.00,3600.00,0.00,257.42,0.00,2161.73,0.00,0.00,0.00,2547.38,0.00,3000.00,0.00,0.00,2000.00,1000.00,0.00,0.00,0.00,0.00,39.23,0.00,2172.51,0.00,362.22,0.00,3705.49,0.00,93.65,0.00,1469.64,0.00,230.01,0.00,3312.14,0.00,1556.88,0.00,577.33,0.00,1056.70,0.00,2018.61,0.00,93.36,0.00,352.26,0.00,44.52,0.00,231.14,0.00,49.51,0.00,0.00,0.00,3724.03,0.00,1428.91,0.00,0.00,0.00,0.00,0.00,363.40,0.00,95.86,0.00,0.00,0.00,0.00,0.00,150.24,0.00,93.27,0.00,1540.78,0.00,339.43,0.00,339.46,0.00,926.94,0.00,520.32,0.00,47.33,0.00,41.39,0.00,0.00,0.00,2400.00,0.00,242.51,0.00,1528.56,0.00,26.46,0.00,74.36,0.00,276.05,0.00,805.31,0.00,126.43,0.00,643.57,0.00,134.11,0.00,1003.25,0.00,1498.92,0.00,3735.51,0.00,265.48,0.00,0.00
2026-04-19 23:00:00,12000.00,12000.00,2115.19,0.00,8000.00,0.00,0.00,2974.40,1372.20,0.00,0.00,0.00,8000.00,0.00,0.00,4011.05,3693.15,0.00,0.00,5000.00,3000.00,0.00,0.00,609.40,6500.00,0.00,6500.00,0.00,0.00,620.77,0.00,0.00,0.00,0.00,0.00,6370.78,0.00,0.00,0.00,5837.66,0.00,0.00,0.00,0.00,0.00,0.00,0.00,6500.00,0.00,0.00,0.00,0.00,0.00,0.00,0.00,0.00,0.00,609.40,0.00,2026.23,0.00,0.00,0.00,0.00,4549.17,7624.79,3000.00,4596.86,1344.38,0.00,8000.00,5249.96,1344.38,8000.00,7624.79,0.00,10000.00,8000.00,1344.38,0.00,0.00,3204.96,0.00,4000.00,8000.00,0.00,0.00,8000.00,0.00,2976.51,0.00,8000.00,8000.00,10000.00,9000.00,10000.00,0.00,8000.00,8000.00,8000.00,0.00,0.00,0.00,175.22,5249.96,1344.38,1344.38,3679.42,3338.10,0.00,0.00,1842.31,0.00,0.00,5611.34,0.00,10000.00,0.00,2728.45,0.00,0.00,0.00,1424.60,4800.00,0.00,0.00,4174.52,1000.00,0.00,9600.00,0.00,7200.00,0.00,1200.00,0.00,0.00,0.00,490.21,0.00,0.00,2400.00,1080.84,0.00,0.00,586.07,0.00,0.00,3600.00,0.00,319.33,0.00,2077.47,0.00,0.00,0.00,1701.11,0.00,3000.00,0.00,0.00,2000.00,1000.00,0.00,0.00,0.00,0.00,40.67,0.00,2018.30,0.00,141.25,0.00,1677.63,0.00,66.31,0.00,1255.26,0.00,202.91,0.00,3431.12,0.00,1632.20,0.00,537.77,0.00,841.67,0.00,1816.33,0.00,101.63,0.00,219.75,0.00,40.13,0.00,153.35,0.00,43.69,0.00,0.00,0.00,786.24,0.00,89.83,0.00,0.00,0.00,0.00,0.00,371.97,0.00,96.76,0.00,0.00,0.00,0.00,0.00,104.90,0.00,71.85,0.00,1365.80,0.00,310.65,0.00,98.70,0.00,158.33,0.00,125.22,0.00,25.38,0.00,24.22,0.00,0.00,0.00,0.00,0.00,0.00,0.00,2006.17,0.00,42.04,0.00,0.00,0.00,0.00,0.00,771.24,0.00,120.54,0.00,577.28,0.00,128.01,0.00,157.19,0.00,1438.03,0.00,3033.74,0.00,261.43,0.00,0.00
